-- MySQL dump 10.13  Distrib 5.7.14, for Win64 (x86_64)
--
-- Host: localhost    Database: hopeWechat
-- ------------------------------------------------------
-- Server version	5.7.14-log
use hopewechat;

/*!40101 SET @OLD_CHARACTER_SET_CLIENT=@@CHARACTER_SET_CLIENT */;
/*!40101 SET @OLD_CHARACTER_SET_RESULTS=@@CHARACTER_SET_RESULTS */;
/*!40101 SET @OLD_COLLATION_CONNECTION=@@COLLATION_CONNECTION */;
/*!40101 SET NAMES utf8 */;
/*!40103 SET @OLD_TIME_ZONE=@@TIME_ZONE */;
/*!40103 SET TIME_ZONE='+00:00' */;
/*!40014 SET @OLD_UNIQUE_CHECKS=@@UNIQUE_CHECKS, UNIQUE_CHECKS=0 */;
/*!40014 SET @OLD_FOREIGN_KEY_CHECKS=@@FOREIGN_KEY_CHECKS, FOREIGN_KEY_CHECKS=0 */;
/*!40101 SET @OLD_SQL_MODE=@@SQL_MODE, SQL_MODE='NO_AUTO_VALUE_ON_ZERO' */;
/*!40111 SET @OLD_SQL_NOTES=@@SQL_NOTES, SQL_NOTES=0 */;

--
-- Table structure for table `bookborrow`
--

DROP TABLE IF EXISTS `bookborrow`;
/*!40101 SET @saved_cs_client     = @@character_set_client */;
/*!40101 SET character_set_client = utf8 */;
CREATE TABLE `bookborrow` (
  `borrowID` int(11) NOT NULL AUTO_INCREMENT,
  `borrowBookID` int(8) NOT NULL,
  `borrowUserID` int(8) NOT NULL,
  `borrowTime` date NOT NULL,
  `returnWhe` tinyint(1) DEFAULT '0',
  `returnBefore` date DEFAULT NULL,
  PRIMARY KEY (`borrowID`)
) ENGINE=InnoDB AUTO_INCREMENT=32 DEFAULT CHARSET=utf8;
/*!40101 SET character_set_client = @saved_cs_client */;

--
-- Dumping data for table `bookborrow`
--

LOCK TABLES `bookborrow` WRITE;
/*!40000 ALTER TABLE `bookborrow` DISABLE KEYS */;
INSERT INTO `bookborrow` VALUES (1,36,1,'2016-10-01',1,'2016-10-31'),(2,36,1,'2016-10-01',1,'2016-10-31'),(3,36,1,'2016-10-01',1,'2016-10-31'),(4,33,1,'2016-10-01',1,'2016-10-31'),(5,33,1,'2016-10-01',1,'2016-10-31'),(6,34,1,'2016-10-01',1,'2016-10-31'),(7,36,1,'2016-10-01',1,'2016-10-31'),(8,36,1,'2016-10-01',1,'2016-10-31'),(9,33,1,'2016-10-01',1,'2016-10-31'),(10,32,1,'2016-10-01',1,'2016-10-31'),(11,33,1,'2016-10-01',1,'2016-10-31'),(12,36,1,'2016-10-01',1,'2016-10-31'),(13,27,1,'2016-10-01',1,'2016-10-31'),(14,30,1,'2016-10-01',1,'2016-10-31'),(15,32,1,'2016-10-01',1,'2016-10-31'),(16,32,1,'2016-10-01',1,'2016-10-31'),(17,36,1,'2016-10-01',1,'2016-10-31'),(18,37,1,'2016-10-01',1,'2016-10-31'),(19,31,1,'2016-10-01',1,'2016-10-31'),(20,30,4,'2016-10-01',1,'2016-10-31'),(21,33,7,'2016-10-01',1,'2016-10-31'),(22,35,7,'2016-10-01',1,'2016-10-31'),(23,30,7,'2016-10-01',1,'2016-10-31'),(24,28,7,'2016-10-01',1,'2016-10-31'),(25,33,7,'2016-10-01',1,'2016-10-31'),(26,36,7,'2016-10-01',1,'2016-10-31'),(27,37,5,'2016-10-01',1,'2016-10-31'),(28,38,5,'2016-10-01',1,'2016-10-31'),(29,31,5,'2016-10-29',1,'2016-11-28'),(30,36,5,'2016-10-31',1,'2016-11-30'),(31,124,5,'2016-11-02',1,'2016-12-02');
/*!40000 ALTER TABLE `bookborrow` ENABLE KEYS */;
UNLOCK TABLES;

--
-- Table structure for table `equipborrow`
--

DROP TABLE IF EXISTS `equipborrow`;
/*!40101 SET @saved_cs_client     = @@character_set_client */;
/*!40101 SET character_set_client = utf8 */;
CREATE TABLE `equipborrow` (
  `borrowID` int(11) NOT NULL AUTO_INCREMENT,
  `borrowEquipID` int(8) NOT NULL,
  `borrowUserID` int(8) NOT NULL,
  `borrowTime` date NOT NULL,
  `returnWhe` tinyint(1) DEFAULT '0',
  `returnBefore` date DEFAULT NULL,
  `reservation` tinyint(1) DEFAULT '0',
  `reservationText` text,
  PRIMARY KEY (`borrowID`)
) ENGINE=InnoDB AUTO_INCREMENT=17 DEFAULT CHARSET=utf8;
/*!40101 SET character_set_client = @saved_cs_client */;

--
-- Dumping data for table `equipborrow`
--

LOCK TABLES `equipborrow` WRITE;
/*!40000 ALTER TABLE `equipborrow` DISABLE KEYS */;
INSERT INTO `equipborrow` VALUES (1,1,7,'2016-11-03',1,'2016-11-06',1,NULL),(4,1,7,'2016-11-03',1,'2016-11-06',1,NULL),(5,1,7,'2016-11-03',1,'2016-11-06',1,NULL),(6,1,7,'2016-11-03',1,'2016-11-06',1,NULL),(8,4,7,'2016-11-03',1,'2016-11-06',1,NULL),(9,5,7,'2016-11-03',1,'2016-11-06',1,NULL),(10,1,7,'2016-11-03',1,'2016-11-06',1,NULL),(11,3,7,'2016-11-03',1,'2016-11-06',1,NULL),(13,1,7,'2016-11-04',1,'2016-11-07',1,'沙发是打发'),(14,3,7,'2016-11-04',1,'2016-11-07',1,''),(15,1,7,'2016-11-04',1,'2016-11-07',1,''),(16,9,7,'2016-11-04',1,'2016-11-07',1,'asfjklajsldkf\n');
/*!40000 ALTER TABLE `equipborrow` ENABLE KEYS */;
UNLOCK TABLES;

--
-- Table structure for table `hopeadmin`
--

DROP TABLE IF EXISTS `hopeadmin`;
/*!40101 SET @saved_cs_client     = @@character_set_client */;
/*!40101 SET character_set_client = utf8 */;
CREATE TABLE `hopeadmin` (
  `adminID` int(11) NOT NULL AUTO_INCREMENT,
  `adminName` varchar(20) NOT NULL,
  `adminPassword` varchar(32) NOT NULL,
  `adminEmail` varchar(100) DEFAULT NULL,
  `adminImgSrc` varchar(100) DEFAULT '/img/admin/admin-default.jpg',
  `adminPermissions` enum('super','book','camera') DEFAULT 'book',
  PRIMARY KEY (`adminID`),
  UNIQUE KEY `adminName` (`adminName`)
) ENGINE=InnoDB AUTO_INCREMENT=7 DEFAULT CHARSET=utf8;
/*!40101 SET character_set_client = @saved_cs_client */;

--
-- Dumping data for table `hopeadmin`
--

LOCK TABLES `hopeadmin` WRITE;
/*!40000 ALTER TABLE `hopeadmin` DISABLE KEYS */;
INSERT INTO `hopeadmin` VALUES (1,'周杰伦','8c0c831640c1da9f210e8951758aed5a','594613537@qq.com','/img/admin/admin71478350713140.jpg','super'),(2,'黄楼','8c0c831640c1da9f210e8951758aed5a','594613537@qq.com','/img/admin/adminundefined1478350434845.jpg','book'),(3,'曹颖雯','8c0c831640c1da9f210e8951758aed5a','594613537@qq.com','/img/admin/admin-default.jpg','book'),(4,'阳富城','8c0c831640c1da9f210e8951758aed5a','594613537@qq.com','/img/admin/admin-default.jpg','camera'),(5,'钟雯璇','8c0c831640c1da9f210e8951758aed5a','594613537@qq.com','/img/admin/admin-default.jpg','camera'),(6,'忽如寄','a9fb05e835487edf4db6fc27c851054f','594613537@qq.com','/img/admin/admin-default.jpg','super');
/*!40000 ALTER TABLE `hopeadmin` ENABLE KEYS */;
UNLOCK TABLES;

--
-- Table structure for table `hopebook`
--

DROP TABLE IF EXISTS `hopebook`;
/*!40101 SET @saved_cs_client     = @@character_set_client */;
/*!40101 SET character_set_client = utf8 */;
CREATE TABLE `hopebook` (
  `bookID` int(11) NOT NULL AUTO_INCREMENT,
  `bookImgSrc` varchar(100) DEFAULT '/img/book/bookdefault.jpg',
  `bookName` varchar(100) NOT NULL,
  `bookHopeID` varchar(100) NOT NULL,
  `bookAuthor` varchar(100) DEFAULT NULL,
  `bookISBN` varchar(100) NOT NULL,
  `bookPress` varchar(100) DEFAULT NULL,
  `bookCate` enum('编程类','设计类','摄影类','网管类','人文类','软件教程类','博雅教育类','其他') DEFAULT '编程类',
  `bookLeft` tinyint(1) DEFAULT '1',
  PRIMARY KEY (`bookID`),
  UNIQUE KEY `bookHopeID` (`bookHopeID`)
) ENGINE=InnoDB AUTO_INCREMENT=1298 DEFAULT CHARSET=utf8;
/*!40101 SET character_set_client = @saved_cs_client */;

--
-- Dumping data for table `hopebook`
--

LOCK TABLES `hopebook` WRITE;
/*!40000 ALTER TABLE `hopebook` DISABLE KEYS */;
INSERT INTO `hopebook` VALUES (909,'/img/book/bookdefault.jpg','化学简史','LE001',NULL,'1',NULL,'博雅教育类',1),(910,'/img/book/bookdefault.jpg','毒物魅影','LE002',NULL,'2',NULL,'博雅教育类',1),(911,'/img/book/bookdefault.jpg','纳米电镀','LE003',NULL,'3',NULL,'博雅教育类',1),(912,'/img/book/bookdefault.jpg','化学哲学新体系','LE005',NULL,'5',NULL,'博雅教育类',1),(913,'/img/book/bookdefault.jpg','实验室生物安全','LE004',NULL,'4',NULL,'博雅教育类',1),(914,'/img/book/bookdefault.jpg','电化学','LE006',NULL,'6',NULL,'博雅教育类',1),(915,'/img/book/bookdefault.jpg','大学化学化工课程报告论坛论文集','LE007',NULL,'7',NULL,'博雅教育类',1),(916,'/img/book/bookdefault.jpg','千亿个太阳','LE008',NULL,'8',NULL,'博雅教育类',1),(917,'/img/book/bookdefault.jpg','互联网的误读','LE009',NULL,'9',NULL,'博雅教育类',1),(918,'/img/book/bookdefault.jpg','孤独深处','LE0010-1',NULL,'10',NULL,'博雅教育类',1),(919,'/img/book/bookdefault.jpg','孤独深处','LE0010-2',NULL,'10',NULL,'博雅教育类',1),(920,'/img/book/bookdefault.jpg','3DS Max R4全纪录','SW001',NULL,'11',NULL,'软件教程类',1),(921,'/img/book/bookdefault.jpg','3DS Max基础与实例教程','SW002',NULL,'12',NULL,'软件教程类',1),(922,'/img/book/bookdefault.jpg','3DS Max建模设计经典','SW003',NULL,'13',NULL,'软件教程类',1),(923,'/img/book/bookdefault.jpg','3DS Max三维动画基础与实例教程','SW004',NULL,'14',NULL,'软件教程类',1),(924,'/img/book/bookdefault.jpg','Adobe Audition','SW005',NULL,'15',NULL,'软件教程类',1),(925,'/img/book/bookdefault.jpg','Adobe Premiere Pro','SW006',NULL,'16',NULL,'软件教程类',1),(926,'/img/book/bookdefault.jpg','AutoCAD基础与实例教程','SW007',NULL,'17',NULL,'软件教程类',1),(927,'/img/book/bookdefault.jpg','Excel2010SQL完全应用','SW008-1',NULL,'18',NULL,'软件教程类',1),(928,'/img/book/bookdefault.jpg','Excel2010SQL完全应用','SW008-2',NULL,'18',NULL,'软件教程类',1),(929,'/img/book/bookdefault.jpg','Excel2010操作与技巧','SW009-1',NULL,'19',NULL,'软件教程类',1),(930,'/img/book/bookdefault.jpg','Excel2010操作与技巧','SW009-2',NULL,'19',NULL,'软件教程类',1),(931,'/img/book/bookdefault.jpg','Excel2010函数与公式','SW010-1',NULL,'20',NULL,'软件教程类',1),(932,'/img/book/bookdefault.jpg','Excel2010函数与公式','SW010-2',NULL,'20',NULL,'软件教程类',1),(933,'/img/book/bookdefault.jpg','Excel2010数据透视表大全','SW011-1',NULL,'21',NULL,'软件教程类',1),(934,'/img/book/bookdefault.jpg','Excel2010数据透视表大全','SW011-2',NULL,'21',NULL,'软件教程类',1),(935,'/img/book/bookdefault.jpg','Excel2010应用大全','SW012-1',NULL,'22',NULL,'软件教程类',1),(936,'/img/book/bookdefault.jpg','Excel2010应用大全','SW012-2',NULL,'22',NULL,'软件教程类',1),(937,'/img/book/bookdefault.jpg','Excel图表之道','SW013-1',NULL,'23',NULL,'软件教程类',1),(938,'/img/book/bookdefault.jpg','Excel图表之道','SW013-2',NULL,'23',NULL,'软件教程类',1),(939,'/img/book/bookdefault.jpg','Excel与数据处理','SW014',NULL,'24',NULL,'软件教程类',1),(940,'/img/book/bookdefault.jpg','HTML5触摸界面设计与开发','SW015-1',NULL,'25',NULL,'软件教程类',1),(941,'/img/book/bookdefault.jpg','HTML5触摸界面设计与开发','SW015-2',NULL,'25',NULL,'软件教程类',1),(942,'/img/book/bookdefault.jpg','HTML5触摸界面设计与开发','SW015-3',NULL,'25',NULL,'软件教程类',1),(943,'/img/book/bookdefault.jpg','Maya 4影视设计','SW016',NULL,'26',NULL,'软件教程类',1),(944,'/img/book/bookdefault.jpg','Office实战技巧精粹辞典','SW017-1',NULL,'27',NULL,'软件教程类',1),(945,'/img/book/bookdefault.jpg','Office实战技巧精粹辞典','SW017-2',NULL,'27',NULL,'软件教程类',1),(946,'/img/book/bookdefault.jpg','Photoshop CC完全自学教程','SW018B-1',NULL,'28',NULL,'软件教程类',1),(947,'/img/book/bookdefault.jpg','Photoshop CC完全自学教程','SW018B-2',NULL,'28',NULL,'软件教程类',1),(948,'/img/book/bookdefault.jpg','Photoshop CC完全自学教程','SW018B-3',NULL,'28',NULL,'软件教程类',1),(949,'/img/book/bookdefault.jpg','Photoshop CS6完全自学教程','SW018A-1',NULL,'28',NULL,'软件教程类',1),(950,'/img/book/bookdefault.jpg','Photoshop CS6完全自学教程','SW018A-2',NULL,'28',NULL,'软件教程类',1),(951,'/img/book/bookdefault.jpg','Photoshop CS6完全自学教程','SW018A-3',NULL,'28',NULL,'软件教程类',1),(952,'/img/book/bookdefault.jpg','Photoshop修色圣典','SW019-1',NULL,'29',NULL,'软件教程类',1),(953,'/img/book/bookdefault.jpg','Photoshop修色圣典','SW019-2',NULL,'29',NULL,'软件教程类',1),(954,'/img/book/bookdefault.jpg','Photoshop专业抠图技法','SW020-1',NULL,'30',NULL,'软件教程类',1),(955,'/img/book/bookdefault.jpg','Photoshop专业抠图技法','SW020-2',NULL,'30',NULL,'软件教程类',1),(956,'/img/book/bookdefault.jpg','Photoshop专业抠图技法','SW020-3',NULL,'30',NULL,'软件教程类',1),(957,'/img/book/bookdefault.jpg','Premiere Pro 视频编辑白金教学','SW021',NULL,'31',NULL,'软件教程类',1),(958,'/img/book/bookdefault.jpg','Premiere 影视编辑-完全自学教程','SW022',NULL,'32',NULL,'软件教程类',1),(959,'/img/book/bookdefault.jpg','SQLite权威指南（第二版）','SW023-1',NULL,'33',NULL,'软件教程类',1),(960,'/img/book/bookdefault.jpg','SQLite权威指南（第二版）','SW023-2',NULL,'33',NULL,'软件教程类',1),(961,'/img/book/bookdefault.jpg','Visio2002实例教程','SW024',NULL,'34',NULL,'软件教程类',1),(962,'/img/book/bookdefault.jpg','Word·Excel·PPT2010商务办公从新手到高手','SW025-1',NULL,'35',NULL,'软件教程类',1),(963,'/img/book/bookdefault.jpg','Word·Excel·PPT2010商务办公从新手到高手','SW025-2',NULL,'35',NULL,'软件教程类',1),(964,'/img/book/bookdefault.jpg','单页Web应用：JavaScript从前端到后端','SW026-1',NULL,'36',NULL,'软件教程类',1),(965,'/img/book/bookdefault.jpg','单页Web应用：JavaScript从前端到后端','SW026-2',NULL,'36',NULL,'软件教程类',1),(966,'/img/book/bookdefault.jpg','化工制图AutoCAD-实战教程与开发','SW027',NULL,'37',NULL,'软件教程类',1),(967,'/img/book/bookdefault.jpg','化学化工常用软件实例教程','SW028-1',NULL,'38',NULL,'软件教程类',1),(968,'/img/book/bookdefault.jpg','化学化工常用软件实例教程','SW028-2',NULL,'38',NULL,'软件教程类',1),(969,'/img/book/bookdefault.jpg','流媒体技术大全','SW029',NULL,'39',NULL,'软件教程类',1),(970,'/img/book/bookdefault.jpg','项目百态（深入理解软件项目行为模式）','SW030-1',NULL,'40',NULL,'软件教程类',1),(971,'/img/book/bookdefault.jpg','项目百态（深入理解软件项目行为模式）','SW030-2',NULL,'40',NULL,'软件教程类',1),(972,'/img/book/bookdefault.jpg','影视制作快手Promiere6.0 完全自学手册','SW031',NULL,'41',NULL,'软件教程类',1),(973,'/img/book/bookdefault.jpg','硬件维修圣典-罗工谈维修','SW032',NULL,'42',NULL,'软件教程类',1),(974,'/img/book/bookdefault.jpg','ADOBE INDESIGN CS6 标准培训教材','SW033',NULL,'43',NULL,'软件教程类',1),(975,'/img/book/bookdefault.jpg','Adobe Flash CS4 actionscript 3.0 中文版经典教程','SW034-1',NULL,'44',NULL,'软件教程类',1),(976,'/img/book/bookdefault.jpg','Adobe Flash CS4 actionscript 3.0 中文版经典教程','SW034-2',NULL,'44',NULL,'软件教程类',1),(977,'/img/book/bookdefault.jpg','单页Web应用：JavaScript从前端到后端','SW035-1',NULL,'45',NULL,'软件教程类',1),(978,'/img/book/bookdefault.jpg','卓越成效的管理者','SW036',NULL,'46',NULL,'软件教程类',1),(979,'/img/book/bookdefault.jpg','和秋叶一起学PPT 又快又好打造说服力幻灯片','SW037-1',NULL,'47',NULL,'软件教程类',1),(980,'/img/book/bookdefault.jpg','和秋叶一起学PPT 又快又好打造说服力幻灯片','SW037-2',NULL,'47',NULL,'软件教程类',1),(981,'/img/book/bookdefault.jpg','ZBrush数字雕刻：人体结构解析','SW038-1',NULL,'48',NULL,'软件教程类',1),(982,'/img/book/bookdefault.jpg','ZBrush数字雕刻：人体结构解析','SW038-2',NULL,'48',NULL,'软件教程类',1),(983,'/img/book/bookdefault.jpg','Premiere Pro 完全自学教程','SW039-1',NULL,'49',NULL,'软件教程类',1),(984,'/img/book/bookdefault.jpg','Premiere Pro 完全自学教程','SW039-2',NULL,'49',NULL,'软件教程类',1),(985,'/img/book/bookdefault.jpg','DOOM启示录','HM001',NULL,'50',NULL,'人文类',1),(986,'/img/book/bookdefault.jpg','不懂项目管理，还敢拼职场','HM002-1',NULL,'51',NULL,'人文类',1),(987,'/img/book/bookdefault.jpg','不懂项目管理，还敢拼职场','HM002-2',NULL,'51',NULL,'人文类',1),(988,'/img/book/bookdefault.jpg','布道之道-引领团队拥抱技术创新','HM003',NULL,'52',NULL,'人文类',1),(989,'/img/book/bookdefault.jpg','策略博弈','HM004',NULL,'53',NULL,'人文类',1),(990,'/img/book/bookdefault.jpg','传家春','HM005A-1',NULL,'54',NULL,'人文类',1),(991,'/img/book/bookdefault.jpg','传家春','HM005A-2',NULL,'54',NULL,'人文类',1),(992,'/img/book/bookdefault.jpg','传家春','HM005A-3',NULL,'54',NULL,'人文类',1),(993,'/img/book/bookdefault.jpg','传家冬','HM005D-1',NULL,'54',NULL,'人文类',1),(994,'/img/book/bookdefault.jpg','传家冬','HM005D-2',NULL,'54',NULL,'人文类',1),(995,'/img/book/bookdefault.jpg','传家冬','HM005D-3',NULL,'54',NULL,'人文类',1),(996,'/img/book/bookdefault.jpg','传家秋','HM005C-1',NULL,'54',NULL,'人文类',1),(997,'/img/book/bookdefault.jpg','传家秋','HM005C-2',NULL,'54',NULL,'人文类',1),(998,'/img/book/bookdefault.jpg','传家秋','HM005C-3',NULL,'54',NULL,'人文类',1),(999,'/img/book/bookdefault.jpg','传家夏','HM005B-1',NULL,'54',NULL,'人文类',1),(1000,'/img/book/bookdefault.jpg','传家夏','HM005B-2',NULL,'54',NULL,'人文类',1),(1001,'/img/book/bookdefault.jpg','传家夏','HM005B-3',NULL,'54',NULL,'人文类',1),(1002,'/img/book/bookdefault.jpg','打造facebook','HM006-1',NULL,'55',NULL,'人文类',1),(1003,'/img/book/bookdefault.jpg','打造facebook','HM006-2',NULL,'55',NULL,'人文类',1),(1004,'/img/book/bookdefault.jpg','打造facebook','HM006-3',NULL,'55',NULL,'人文类',1),(1005,'/img/book/bookdefault.jpg','打造facebook','HM006-4',NULL,'55',NULL,'人文类',1),(1006,'/img/book/bookdefault.jpg','打造facebook','HM006-5',NULL,'55',NULL,'人文类',1),(1007,'/img/book/bookdefault.jpg','德兰修女传（华姿）','HM007',NULL,'56',NULL,'人文类',1),(1008,'/img/book/bookdefault.jpg','德蕾莎修女-一条简单的路','HM008-1',NULL,'57',NULL,'人文类',1),(1009,'/img/book/bookdefault.jpg','德蕾莎修女-一条简单的路','HM008-2',NULL,'57',NULL,'人文类',1),(1010,'/img/book/bookdefault.jpg','德蕾莎修女-一条简单的路','HM008-3',NULL,'57',NULL,'人文类',1),(1011,'/img/book/bookdefault.jpg','动荡的世界','HM009-1',NULL,'58',NULL,'人文类',1),(1012,'/img/book/bookdefault.jpg','动荡的世界','HM009-2',NULL,'58',NULL,'人文类',1),(1013,'/img/book/bookdefault.jpg','动荡的世界','HM009-3',NULL,'58',NULL,'人文类',1),(1014,'/img/book/bookdefault.jpg','过河卒','HM010',NULL,'59',NULL,'人文类',1),(1015,'/img/book/bookdefault.jpg','怀斯曼生存手册','HM011-1',NULL,'60',NULL,'人文类',1),(1016,'/img/book/bookdefault.jpg','怀斯曼生存手册','HM011-2',NULL,'60',NULL,'人文类',1),(1017,'/img/book/bookdefault.jpg','怀斯曼生存手册','HM011-3',NULL,'60',NULL,'人文类',1),(1018,'/img/book/bookdefault.jpg','怀斯曼生存手册','HM011-4',NULL,'60',NULL,'人文类',1),(1019,'/img/book/bookdefault.jpg','怀斯曼生存手册','HM011-5',NULL,'60',NULL,'人文类',1),(1020,'/img/book/bookdefault.jpg','活法（二）','HM012B-1',NULL,'61',NULL,'人文类',1),(1021,'/img/book/bookdefault.jpg','活法（二）','HM012B-2',NULL,'61',NULL,'人文类',1),(1022,'/img/book/bookdefault.jpg','活法（三）','HM012C-1',NULL,'61',NULL,'人文类',1),(1023,'/img/book/bookdefault.jpg','活法（三）','HM012C-2',NULL,'61',NULL,'人文类',1),(1024,'/img/book/bookdefault.jpg','活法（四）','HM012D-1',NULL,'61',NULL,'人文类',1),(1025,'/img/book/bookdefault.jpg','活法（四）','HM012D-2',NULL,'61',NULL,'人文类',1),(1026,'/img/book/bookdefault.jpg','活法（修订版）','HM012A-1',NULL,'61',NULL,'人文类',1),(1027,'/img/book/bookdefault.jpg','活法（修订版）','HM012A-2',NULL,'61',NULL,'人文类',1),(1028,'/img/book/bookdefault.jpg','晋商的制度逻辑','HM013-1',NULL,'62',NULL,'人文类',1),(1029,'/img/book/bookdefault.jpg','晋商的制度逻辑','HM013-2',NULL,'62',NULL,'人文类',1),(1030,'/img/book/bookdefault.jpg','经典诗词重读','HM014',NULL,'63',NULL,'人文类',1),(1031,'/img/book/bookdefault.jpg','郎咸平说-热点的背后','HM015',NULL,'64',NULL,'人文类',1),(1032,'/img/book/bookdefault.jpg','浪潮之巅','HM016-1',NULL,'65',NULL,'人文类',1),(1033,'/img/book/bookdefault.jpg','浪潮之巅','HM016-2',NULL,'65',NULL,'人文类',1),(1034,'/img/book/bookdefault.jpg','浪潮之巅（上）','HM016A-1',NULL,'65',NULL,'人文类',1),(1035,'/img/book/bookdefault.jpg','浪潮之巅（上）','HM016A-2',NULL,'65',NULL,'人文类',1),(1036,'/img/book/bookdefault.jpg','浪潮之巅（上）','HM016A-3',NULL,'65',NULL,'人文类',1),(1037,'/img/book/bookdefault.jpg','浪潮之巅（下）','HM016B-1',NULL,'65',NULL,'人文类',1),(1038,'/img/book/bookdefault.jpg','浪潮之巅（下）','HM016B-2',NULL,'65',NULL,'人文类',1),(1039,'/img/book/bookdefault.jpg','浪潮之巅（下）','HM016B-3',NULL,'65',NULL,'人文类',1),(1040,'/img/book/bookdefault.jpg','历代经济变革得失','HM017-1',NULL,'66',NULL,'人文类',1),(1041,'/img/book/bookdefault.jpg','历代经济变革得失','HM017-2',NULL,'66',NULL,'人文类',1),(1042,'/img/book/bookdefault.jpg','伦巴第街','HM018-1',NULL,'67',NULL,'人文类',1),(1043,'/img/book/bookdefault.jpg','伦巴第街','HM018-2',NULL,'67',NULL,'人文类',1),(1044,'/img/book/bookdefault.jpg','伦巴第街','HM018-3',NULL,'67',NULL,'人文类',1),(1045,'/img/book/bookdefault.jpg','伦巴第街','HM018-4',NULL,'67',NULL,'人文类',1),(1046,'/img/book/bookdefault.jpg','伦巴第街','HM018-5',NULL,'67',NULL,'人文类',1),(1047,'/img/book/bookdefault.jpg','论语别裁 上','HM019A',NULL,'68',NULL,'人文类',1),(1048,'/img/book/bookdefault.jpg','论语别裁 下','HM019B',NULL,'68',NULL,'人文类',1),(1049,'/img/book/bookdefault.jpg','美元复兴十年or中国痛苦十年？','HM020-1',NULL,'69',NULL,'人文类',1),(1050,'/img/book/bookdefault.jpg','美元复兴十年or中国痛苦十年？','HM020-2',NULL,'69',NULL,'人文类',1),(1051,'/img/book/bookdefault.jpg','目送','HM021-1',NULL,'70',NULL,'人文类',1),(1052,'/img/book/bookdefault.jpg','目送','HM021-2',NULL,'70',NULL,'人文类',1),(1053,'/img/book/bookdefault.jpg','皮克斯：关于童心、勇气、创意和传奇','HM022-1',NULL,'71',NULL,'人文类',1),(1054,'/img/book/bookdefault.jpg','皮克斯：关于童心、勇气、创意和传奇','HM022-2',NULL,'71',NULL,'人文类',1),(1055,'/img/book/bookdefault.jpg','枪炮、病菌与钢铁——人类社会的命运','HM023-1',NULL,'72',NULL,'人文类',1),(1056,'/img/book/bookdefault.jpg','枪炮、病菌与钢铁——人类社会的命运','HM023-2',NULL,'72',NULL,'人文类',1),(1057,'/img/book/bookdefault.jpg','人件','HM024',NULL,'73',NULL,'人文类',1),(1058,'/img/book/bookdefault.jpg','数学之美','HM025-1',NULL,'74',NULL,'人文类',1),(1059,'/img/book/bookdefault.jpg','数学之美','HM025-2',NULL,'74',NULL,'人文类',1),(1060,'/img/book/bookdefault.jpg','数学之美','HM025-3',NULL,'74',NULL,'人文类',1),(1061,'/img/book/bookdefault.jpg','数学之美','HM025-4',NULL,'74',NULL,'人文类',1),(1062,'/img/book/bookdefault.jpg','谁是谷歌想要的人才?:破解世界最顶尖公司的面试密码','HM026-1',NULL,'75',NULL,'人文类',1),(1063,'/img/book/bookdefault.jpg','谁是谷歌想要的人才?:破解世界最顶尖公司的面试密码','HM026-2',NULL,'75',NULL,'人文类',1),(1064,'/img/book/bookdefault.jpg','谁是谷歌想要的人才?:破解世界最顶尖公司的面试密码','HM026-3',NULL,'75',NULL,'人文类',1),(1065,'/img/book/bookdefault.jpg','谁是谷歌想要的人才?:破解世界最顶尖公司的面试密码','HM026-4',NULL,'75',NULL,'人文类',1),(1066,'/img/book/bookdefault.jpg','统治—技术商人与华为的核心竞争力','HM027-1',NULL,'76',NULL,'人文类',1),(1067,'/img/book/bookdefault.jpg','统治—技术商人与华为的核心竞争力','HM027-2',NULL,'76',NULL,'人文类',1),(1068,'/img/book/bookdefault.jpg','王二的经济学故事','HM028-1',NULL,'77',NULL,'人文类',1),(1069,'/img/book/bookdefault.jpg','王二的经济学故事','HM028-2',NULL,'77',NULL,'人文类',1),(1070,'/img/book/bookdefault.jpg','王凤仪言行录','HM029-1',NULL,'78',NULL,'人文类',1),(1071,'/img/book/bookdefault.jpg','王凤仪言行录','HM029-2',NULL,'78',NULL,'人文类',1),(1072,'/img/book/bookdefault.jpg','文明之光上','HM030A-1',NULL,'79',NULL,'人文类',1),(1073,'/img/book/bookdefault.jpg','文明之光上','HM030A-2',NULL,'79',NULL,'人文类',1),(1074,'/img/book/bookdefault.jpg','文明之光上','HM030A-3',NULL,'79',NULL,'人文类',1),(1075,'/img/book/bookdefault.jpg','文明之光上','HM030A-4',NULL,'79',NULL,'人文类',1),(1076,'/img/book/bookdefault.jpg','文明之光下','HM030B-1',NULL,'79',NULL,'人文类',1),(1077,'/img/book/bookdefault.jpg','文明之光下','HM030B-2',NULL,'79',NULL,'人文类',1),(1078,'/img/book/bookdefault.jpg','文明之光下','HM030B-3',NULL,'79',NULL,'人文类',1),(1079,'/img/book/bookdefault.jpg','文明之光下','HM030B-4',NULL,'79',NULL,'人文类',1),(1080,'/img/book/bookdefault.jpg','文艺常识','HM031-1',NULL,'80',NULL,'人文类',1),(1081,'/img/book/bookdefault.jpg','文艺常识','HM031-2',NULL,'80',NULL,'人文类',1),(1082,'/img/book/bookdefault.jpg','乡关何处','HM032-1',NULL,'81',NULL,'人文类',1),(1083,'/img/book/bookdefault.jpg','乡关何处','HM032-2',NULL,'81',NULL,'人文类',1),(1084,'/img/book/bookdefault.jpg','乡关何处','HM032-3',NULL,'81',NULL,'人文类',1),(1085,'/img/book/bookdefault.jpg','小的是美好的','HM033-1',NULL,'82',NULL,'人文类',1),(1086,'/img/book/bookdefault.jpg','小的是美好的','HM033-2',NULL,'82',NULL,'人文类',1),(1087,'/img/book/bookdefault.jpg','小的是美好的','HM033-3',NULL,'82',NULL,'人文类',1),(1088,'/img/book/bookdefault.jpg','写给大家看的设计书','HM034-1',NULL,'83',NULL,'人文类',1),(1089,'/img/book/bookdefault.jpg','写给大家看的设计书','HM034-2',NULL,'83',NULL,'人文类',1),(1090,'/img/book/bookdefault.jpg','亦新亦旧的一代（南怀瑾）','HM035',NULL,'84',NULL,'人文类',1),(1091,'/img/book/bookdefault.jpg','赢在中国-给创业者的忠告','HM036',NULL,'85',NULL,'人文类',1),(1092,'/img/book/bookdefault.jpg','娱乐至死','HM037-1',NULL,'86',NULL,'人文类',1),(1093,'/img/book/bookdefault.jpg','娱乐至死','HM037-2',NULL,'86',NULL,'人文类',1),(1094,'/img/book/bookdefault.jpg','与熊共舞','HM038',NULL,'87',NULL,'人文类',1),(1095,'/img/book/bookdefault.jpg','中国人是真的（张尚德）','HM039',NULL,'88',NULL,'人文类',1),(1096,'/img/book/bookdefault.jpg','中国智慧','HM040-1',NULL,'89',NULL,'人文类',1),(1097,'/img/book/bookdefault.jpg','中国智慧','HM040-2',NULL,'89',NULL,'人文类',1),(1098,'/img/book/bookdefault.jpg','走出软件作坊','HM041-1',NULL,'90',NULL,'人文类',1),(1099,'/img/book/bookdefault.jpg','走出软件作坊','HM041-2',NULL,'90',NULL,'人文类',1),(1100,'/img/book/bookdefault.jpg','走出软件作坊','HM041-3',NULL,'90',NULL,'人文类',1),(1101,'/img/book/bookdefault.jpg','最后期限','HM042',NULL,'91',NULL,'人文类',1),(1102,'/img/book/bookdefault.jpg','藏地胜境','HM043',NULL,'92',NULL,'人文类',1),(1103,'/img/book/bookdefault.jpg','正见：佛陀的证悟','HM044-1',NULL,'93',NULL,'人文类',1),(1104,'/img/book/bookdefault.jpg','正见：佛陀的证悟','HM044-2',NULL,'93',NULL,'人文类',1),(1105,'/img/book/bookdefault.jpg','大学之路上','HM045A-1',NULL,'94',NULL,'人文类',1),(1106,'/img/book/bookdefault.jpg','大学之路上','HM045A-2',NULL,'94',NULL,'人文类',1),(1107,'/img/book/bookdefault.jpg','大学之路上','HM045A-3',NULL,'94',NULL,'人文类',1),(1108,'/img/book/bookdefault.jpg','大学之路下','HM045AB-1',NULL,'94',NULL,'人文类',1),(1109,'/img/book/bookdefault.jpg','大学之路下','HM045AB-2',NULL,'94',NULL,'人文类',1),(1110,'/img/book/bookdefault.jpg','大学之路下','HM045AB-3',NULL,'94',NULL,'人文类',1),(1111,'/img/book/bookdefault.jpg','文明之光1','HM046A',NULL,'95',NULL,'人文类',1),(1112,'/img/book/bookdefault.jpg','文明之光2','HM046B',NULL,'95',NULL,'人文类',1),(1113,'/img/book/bookdefault.jpg','文明之光3','HM046C',NULL,'95',NULL,'人文类',1),(1114,'/img/book/bookdefault.jpg','巨流河','HM047-1',NULL,'96',NULL,'人文类',1),(1115,'/img/book/bookdefault.jpg','巨流河','HM047-2',NULL,'96',NULL,'人文类',1),(1116,'/img/book/bookdefault.jpg','硅谷之谜','HM048-1',NULL,'97',NULL,'人文类',1),(1117,'/img/book/bookdefault.jpg','硅谷之谜','HM048-2',NULL,'97',NULL,'人文类',1),(1118,'/img/book/bookdefault.jpg','必然','HM049',NULL,'98',NULL,'人文类',1),(1119,'/img/book/bookdefault.jpg','人类简史','HM050-1',NULL,'99',NULL,'人文类',1),(1120,'/img/book/bookdefault.jpg','人类简史','HM050-2',NULL,'99',NULL,'人文类',1),(1121,'/img/book/bookdefault.jpg','人类简史','HM050-3',NULL,'99',NULL,'人文类',1),(1122,'/img/book/bookdefault.jpg','硅谷百年史','HM051-1',NULL,'100',NULL,'人文类',1),(1123,'/img/book/bookdefault.jpg','硅谷百年史','HM051-2',NULL,'100',NULL,'人文类',1),(1124,'/img/book/bookdefault.jpg','硅谷百年史','HM051-3',NULL,'100',NULL,'人文类',1),(1125,'/img/book/bookdefault.jpg','硅谷钢铁侠 埃隆·马斯克的冒险人生','HM052-1',NULL,'101',NULL,'人文类',1),(1126,'/img/book/bookdefault.jpg','硅谷钢铁侠 埃隆·马斯克的冒险人生','HM052-2',NULL,'101',NULL,'人文类',1),(1127,'/img/book/bookdefault.jpg','断舍离','HM053',NULL,'102',NULL,'人文类',1),(1128,'/img/book/bookdefault.jpg','文学回忆录（粉色）','HM054A-1',NULL,'103',NULL,'人文类',1),(1129,'/img/book/bookdefault.jpg','文学回忆录（粉色）','HM054A-2',NULL,'103',NULL,'人文类',1),(1130,'/img/book/bookdefault.jpg','文学回忆录（粉色）','HM054A-3',NULL,'103',NULL,'人文类',1),(1131,'/img/book/bookdefault.jpg','文学回忆录（粉黄色）','HM054B-1',NULL,'103',NULL,'人文类',1),(1132,'/img/book/bookdefault.jpg','文学回忆录（粉黄色）','HM054B-2',NULL,'103',NULL,'人文类',1),(1133,'/img/book/bookdefault.jpg','文学回忆录（粉黄色）','HM054B-3',NULL,'103',NULL,'人文类',1),(1134,'/img/book/bookdefault.jpg','一生的学习','HM055-1',NULL,'104',NULL,'人文类',1),(1135,'/img/book/bookdefault.jpg','一生的学习','HM055-2',NULL,'104',NULL,'人文类',1),(1136,'/img/book/bookdefault.jpg','技巧','HM055',NULL,'105',NULL,'人文类',1),(1137,'/img/book/bookdefault.jpg','2011伯奇杯全国创意摄影大赛作品集','PG001',NULL,'106',NULL,'摄影类',1),(1138,'/img/book/bookdefault.jpg','A·亚当斯论摄影','PG002-1',NULL,'107',NULL,'摄影类',1),(1139,'/img/book/bookdefault.jpg','A·亚当斯论摄影','PG002-2',NULL,'107',NULL,'摄影类',1),(1140,'/img/book/bookdefault.jpg','A·亚当斯论摄影','PG002-3',NULL,'107',NULL,'摄影类',1),(1141,'/img/book/bookdefault.jpg','Lightroom5高手之道——数码摄影后期处理完全手册','PG003-1',NULL,'108',NULL,'摄影类',1),(1142,'/img/book/bookdefault.jpg','Lightroom5高手之道——数码摄影后期处理完全手册','PG003-2',NULL,'108',NULL,'摄影类',1),(1143,'/img/book/bookdefault.jpg','Lightroom5高手之道——数码摄影后期处理完全手册','PG003-3',NULL,'108',NULL,'摄影类',1),(1144,'/img/book/bookdefault.jpg','Lightroom5高手之道——数码摄影后期处理完全手册','PG003-4',NULL,'108',NULL,'摄影类',1),(1145,'/img/book/bookdefault.jpg','Lightroom5高手之道——数码摄影后期处理完全手册','PG003-5',NULL,'108',NULL,'摄影类',1),(1146,'/img/book/bookdefault.jpg','Lightroom5高手之道——数码摄影后期处理完全手册','PG003-6',NULL,'108',NULL,'摄影类',1),(1147,'/img/book/bookdefault.jpg','安塞尔亚当斯传世佳作400','PG004',NULL,'109',NULL,'摄影类',1),(1148,'/img/book/bookdefault.jpg','顶级摄影器材(传统卷)','PG005A-1',NULL,'110',NULL,'摄影类',1),(1149,'/img/book/bookdefault.jpg','顶级摄影器材(传统卷)','PG005A-2',NULL,'110',NULL,'摄影类',1),(1150,'/img/book/bookdefault.jpg','顶级摄影器材(数码卷)','PG005B-1',NULL,'110',NULL,'摄影类',1),(1151,'/img/book/bookdefault.jpg','顶级摄影器材(数码卷)','PG005B-2',NULL,'110',NULL,'摄影类',1),(1152,'/img/book/bookdefault.jpg','风光自然摄影圣经','PG006-1',NULL,'111',NULL,'摄影类',1),(1153,'/img/book/bookdefault.jpg','风光自然摄影圣经','PG006-2',NULL,'111',NULL,'摄影类',1),(1154,'/img/book/bookdefault.jpg','风景摄影','PG007',NULL,'112',NULL,'摄影类',1),(1155,'/img/book/bookdefault.jpg','光的美学','PG008-1',NULL,'113',NULL,'摄影类',1),(1156,'/img/book/bookdefault.jpg','光的美学','PG008-2',NULL,'113',NULL,'摄影类',1),(1157,'/img/book/bookdefault.jpg','光的美学','PG008-3',NULL,'113',NULL,'摄影类',1),(1158,'/img/book/bookdefault.jpg','光的美学','PG008-4',NULL,'113',NULL,'摄影类',1),(1159,'/img/book/bookdefault.jpg','光的美学','PG008-5',NULL,'113',NULL,'摄影类',1),(1160,'/img/book/bookdefault.jpg','光的美学','PG008-6',NULL,'113',NULL,'摄影类',1),(1161,'/img/book/bookdefault.jpg','光的美学','PG008-7',NULL,'113',NULL,'摄影类',1),(1162,'/img/book/bookdefault.jpg','佳能境界（第三版）','PG009-1',NULL,'114',NULL,'摄影类',1),(1163,'/img/book/bookdefault.jpg','佳能境界（第三版）','PG009-2',NULL,'114',NULL,'摄影类',1),(1164,'/img/book/bookdefault.jpg','经典尼康','PG010-1',NULL,'115',NULL,'摄影类',1),(1165,'/img/book/bookdefault.jpg','经典尼康','PG010-2',NULL,'115',NULL,'摄影类',1),(1166,'/img/book/bookdefault.jpg','论摄影','PG011-1',NULL,'116',NULL,'摄影类',1),(1167,'/img/book/bookdefault.jpg','论摄影','PG011-2',NULL,'116',NULL,'摄影类',1),(1168,'/img/book/bookdefault.jpg','美国纽约摄影学院摄影教材 上册','PG012A-1',NULL,'117',NULL,'摄影类',1),(1169,'/img/book/bookdefault.jpg','美国纽约摄影学院摄影教材 上册','PG012A-2',NULL,'117',NULL,'摄影类',1),(1170,'/img/book/bookdefault.jpg','美国纽约摄影学院摄影教材 上册','PG012A-3',NULL,'117',NULL,'摄影类',1),(1171,'/img/book/bookdefault.jpg','美国纽约摄影学院摄影教材 下册','PG012B-1',NULL,'117',NULL,'摄影类',1),(1172,'/img/book/bookdefault.jpg','美国纽约摄影学院摄影教材 下册','PG012B-2',NULL,'117',NULL,'摄影类',1),(1173,'/img/book/bookdefault.jpg','美国纽约摄影学院摄影教材 下册','PG012B-3',NULL,'117',NULL,'摄影类',1),(1174,'/img/book/bookdefault.jpg','美国数码摄影教程（第二版）','PG013-1',NULL,'118',NULL,'摄影类',1),(1175,'/img/book/bookdefault.jpg','美国数码摄影教程（第二版）','PG013-2',NULL,'118',NULL,'摄影类',1),(1176,'/img/book/bookdefault.jpg','美国数码摄影教程（第二版）','PG013-3',NULL,'118',NULL,'摄影类',1),(1177,'/img/book/bookdefault.jpg','情系西湖-黄庆组摄影作品选集','PG014',NULL,'119',NULL,'摄影类',1),(1178,'/img/book/bookdefault.jpg','人像写真摄影圣经','PG015-1',NULL,'120',NULL,'摄影类',1),(1179,'/img/book/bookdefault.jpg','人像写真摄影圣经','PG015-2',NULL,'120',NULL,'摄影类',1),(1180,'/img/book/bookdefault.jpg','上帝之眼——旅行者的摄影书','PG016-1',NULL,'121',NULL,'摄影类',1),(1181,'/img/book/bookdefault.jpg','上帝之眼——旅行者的摄影书','PG016-2',NULL,'121',NULL,'摄影类',1),(1182,'/img/book/bookdefault.jpg','上帝之眼——旅行者的摄影书','PG016-3',NULL,'121',NULL,'摄影类',1),(1183,'/img/book/bookdefault.jpg','摄影的骨头——高品质数码摄影流程','PG017-1',NULL,'122',NULL,'摄影类',1),(1184,'/img/book/bookdefault.jpg','摄影的骨头——高品质数码摄影流程','PG017-2',NULL,'122',NULL,'摄影类',1),(1185,'/img/book/bookdefault.jpg','摄影的骨头——高品质数码摄影流程','PG017-3',NULL,'122',NULL,'摄影类',1),(1186,'/img/book/bookdefault.jpg','摄影的骨头——高品质数码摄影流程','PG017-4',NULL,'122',NULL,'摄影类',1),(1187,'/img/book/bookdefault.jpg','摄影的骨头——高品质数码摄影流程','PG017-5',NULL,'122',NULL,'摄影类',1),(1188,'/img/book/bookdefault.jpg','摄影的骨头——高品质数码摄影流程','PG017-6',NULL,'122',NULL,'摄影类',1),(1189,'/img/book/bookdefault.jpg','摄影的骨头——高品质数码摄影流程','PG017-7',NULL,'122',NULL,'摄影类',1),(1190,'/img/book/bookdefault.jpg','摄影的骨头——高品质数码摄影流程','PG017-8',NULL,'122',NULL,'摄影类',1),(1191,'/img/book/bookdefault.jpg','摄影的骨头——高品质数码摄影流程','PG017-9',NULL,'122',NULL,'摄影类',1),(1192,'/img/book/bookdefault.jpg','摄影构图圣经','PG018-1',NULL,'123',NULL,'摄影类',1),(1193,'/img/book/bookdefault.jpg','摄影构图圣经','PG018-2',NULL,'123',NULL,'摄影类',1),(1194,'/img/book/bookdefault.jpg','时光•吴家林摄影集','PG019-1',NULL,'124',NULL,'摄影类',1),(1195,'/img/book/bookdefault.jpg','时光•吴家林摄影集','PG019-2',NULL,'124',NULL,'摄影类',1),(1196,'/img/book/bookdefault.jpg','世界摄影史','PG020-1',NULL,'125',NULL,'摄影类',1),(1197,'/img/book/bookdefault.jpg','世界摄影史','PG020-2',NULL,'125',NULL,'摄影类',1),(1198,'/img/book/bookdefault.jpg','数码单反摄影','PG021',NULL,'126',NULL,'摄影类',1),(1199,'/img/book/bookdefault.jpg','通往独立之路——摄影师生存手册','PG022-1',NULL,'127',NULL,'摄影类',1),(1200,'/img/book/bookdefault.jpg','通往独立之路——摄影师生存手册','PG022-2',NULL,'127',NULL,'摄影类',1),(1201,'/img/book/bookdefault.jpg','吴家林边地行走','PG023-1',NULL,'128',NULL,'摄影类',1),(1202,'/img/book/bookdefault.jpg','吴家林边地行走','PG023-2',NULL,'128',NULL,'摄影类',1),(1203,'/img/book/bookdefault.jpg','一本摄影书','PG024-1',NULL,'129',NULL,'摄影类',1),(1204,'/img/book/bookdefault.jpg','一本摄影书','PG024-2',NULL,'129',NULL,'摄影类',1),(1205,'/img/book/bookdefault.jpg','一本摄影书','PG024-3',NULL,'129',NULL,'摄影类',1),(1206,'/img/book/bookdefault.jpg','一本摄影书','PG024-4',NULL,'129',NULL,'摄影类',1),(1207,'/img/book/bookdefault.jpg','一本摄影书','PG024-5',NULL,'129',NULL,'摄影类',1),(1208,'/img/book/bookdefault.jpg','一本摄影书','PG024-6',NULL,'129',NULL,'摄影类',1),(1209,'/img/book/bookdefault.jpg','Adobe Audition CC经典教程','PG025-1',NULL,'130',NULL,'摄影类',1),(1210,'/img/book/bookdefault.jpg','Adobe Audition CC经典教程','PG025-2',NULL,'130',NULL,'摄影类',1),(1211,'/img/book/bookdefault.jpg','After Effects CS6 完全自学教程','PG026-1',NULL,'131',NULL,'摄影类',1),(1212,'/img/book/bookdefault.jpg','After Effects CS6 完全自学教程','PG026-2',NULL,'131',NULL,'摄影类',1),(1213,'/img/book/bookdefault.jpg','Audrey The 60s','PG027-1',NULL,'132',NULL,'摄影类',1),(1214,'/img/book/bookdefault.jpg','Audrey The 60s','PG027-2',NULL,'132',NULL,'摄影类',1),(1215,'/img/book/bookdefault.jpg','Maya&mental ray影视动画渲染','PG028-1',NULL,'133',NULL,'摄影类',1),(1216,'/img/book/bookdefault.jpg','Maya&mental ray影视动画渲染','PG028-2',NULL,'133',NULL,'摄影类',1),(1217,'/img/book/bookdefault.jpg','剪辑圣经','PG029-1',NULL,'134',NULL,'摄影类',1),(1218,'/img/book/bookdefault.jpg','剪辑圣经','PG029-2',NULL,'134',NULL,'摄影类',1),(1219,'/img/book/bookdefault.jpg','倾情捕捉-摄影创作的技术与艺术','PG030',NULL,'135',NULL,'摄影类',1),(1220,'/img/book/bookdefault.jpg','摄影构图圣经','PG031',NULL,'136',NULL,'摄影类',1),(1221,'/img/book/bookdefault.jpg','自然之美','PG032',NULL,'137',NULL,'摄影类',1),(1222,'/img/book/bookdefault.jpg','上帝之眼2','PG033',NULL,'138',NULL,'摄影类',1),(1223,'/img/book/bookdefault.jpg','LR数码摄影后期处理专业技法','PG034',NULL,'139',NULL,'摄影类',1),(1224,'/img/book/bookdefault.jpg','数码摄影后期 高手之路','PG035',NULL,'140',NULL,'摄影类',1),(1225,'/img/book/bookdefault.jpg','超越平凡的摄影法则','PG036',NULL,'141',NULL,'摄影类',1),(1226,'/img/book/bookdefault.jpg','拍出绝世佳作','PG037',NULL,'142',NULL,'摄影类',1),(1227,'/img/book/bookdefault.jpg','拍出绝世美姿','PG038',NULL,'143',NULL,'摄影类',1),(1228,'/img/book/bookdefault.jpg','CCNA学习指南（中文第六版）','NM001-1',NULL,'144',NULL,'网管类',1),(1229,'/img/book/bookdefault.jpg','CCNA学习指南（中文第六版）','NM001-2',NULL,'144',NULL,'网管类',1),(1230,'/img/book/bookdefault.jpg','CNNP SWITCH学习指南','NM002-1',NULL,'145',NULL,'网管类',1),(1231,'/img/book/bookdefault.jpg','CNNP SWITCH学习指南','NM002-2',NULL,'145',NULL,'网管类',1),(1232,'/img/book/bookdefault.jpg','Head First Python','NM003',NULL,'146',NULL,'网管类',1),(1233,'/img/book/bookdefault.jpg','IT项目管理','NM004-1',NULL,'147',NULL,'网管类',1),(1234,'/img/book/bookdefault.jpg','IT项目管理','NM004-2',NULL,'147',NULL,'网管类',1),(1235,'/img/book/bookdefault.jpg','IT项目管理','NM004-3',NULL,'147',NULL,'网管类',1),(1236,'/img/book/bookdefault.jpg','Pawer Builder 7.0入门','NM005',NULL,'148',NULL,'网管类',1),(1237,'/img/book/bookdefault.jpg','Pseries 培训系列课程','NM006',NULL,'149',NULL,'网管类',1),(1238,'/img/book/bookdefault.jpg','Python基础教程','NM007',NULL,'150',NULL,'网管类',1),(1239,'/img/book/bookdefault.jpg','Red Hat Linux 宝典','NM008',NULL,'151',NULL,'网管类',1),(1240,'/img/book/bookdefault.jpg','Red Hat Linux9 安装指南','NM009',NULL,'152',NULL,'网管类',1),(1241,'/img/book/bookdefault.jpg','Server 2008 R2网络管理与架站','NM010A',NULL,'153',NULL,'网管类',1),(1242,'/img/book/bookdefault.jpg','Server 2008 R3网络管理与架站','NM010B',NULL,'153',NULL,'网管类',1),(1243,'/img/book/bookdefault.jpg','VMware vSphere 5虚拟数据中心构建指南','NM011',NULL,'154',NULL,'网管类',1),(1244,'/img/book/bookdefault.jpg','Windows server2008R2','NM012',NULL,'155',NULL,'网管类',1),(1245,'/img/book/bookdefault.jpg','大话存储 二','NM013-1',NULL,'156',NULL,'网管类',1),(1246,'/img/book/bookdefault.jpg','大话存储 二','NM013-2',NULL,'156',NULL,'网管类',1),(1247,'/img/book/bookdefault.jpg','电脑组装与维修从入门到精通','NM014-1',NULL,'157',NULL,'网管类',1),(1248,'/img/book/bookdefault.jpg','电脑组装与维修从入门到精通','NM014-2',NULL,'157',NULL,'网管类',1),(1249,'/img/book/bookdefault.jpg','电脑组装与维修从入门到精通','NM014-3',NULL,'157',NULL,'网管类',1),(1250,'/img/book/bookdefault.jpg','多信息融合','NM015-1',NULL,'158',NULL,'网管类',1),(1251,'/img/book/bookdefault.jpg','多信息融合','NM015-2',NULL,'158',NULL,'网管类',1),(1252,'/img/book/bookdefault.jpg','多信息融合','NM015-3',NULL,'158',NULL,'网管类',1),(1253,'/img/book/bookdefault.jpg','佐藤可士和的超整理术','DS001-1',NULL,'DS111',NULL,'设计类',1),(1254,'/img/book/bookdefault.jpg','佐藤可士和的超整理术','DS001-2',NULL,'DS111',NULL,'设计类',1),(1255,'/img/book/bookdefault.jpg','美国视觉传达完全教程','DS002',NULL,'DS112',NULL,'设计类',1),(1256,'/img/book/bookdefault.jpg','设计心理学','DS003-1',NULL,'DS113',NULL,'设计类',1),(1257,'/img/book/bookdefault.jpg','设计心理学','DS003-2',NULL,'DS113',NULL,'设计类',1),(1258,'/img/book/bookdefault.jpg','设计心理学','DS003-3',NULL,'DS113',NULL,'设计类',1),(1259,'/img/book/bookdefault.jpg','设计心理学','DS003-4',NULL,'DS113',NULL,'设计类',1),(1260,'/img/book/bookdefault.jpg','超越平凡的平面设计：怎样做好','DS004-1',NULL,'DS114',NULL,'设计类',1),(1261,'/img/book/bookdefault.jpg','超越平凡的平面设计：怎样做好','DS004-2',NULL,'DS114',NULL,'设计类',1),(1262,'/img/book/bookdefault.jpg','平面设计材料表现与特殊效果','DS005-1',NULL,'DS115',NULL,'设计类',1),(1263,'/img/book/bookdefault.jpg','平面设计材料表现与特殊效果','DS005-2',NULL,'DS115',NULL,'设计类',1),(1264,'/img/book/bookdefault.jpg','平面设计材料表现与特殊效果','DS005-3',NULL,'DS115',NULL,'设计类',1),(1265,'/img/book/bookdefault.jpg','贝蒂的色彩','DS006-1',NULL,'DS116',NULL,'设计类',1),(1266,'/img/book/bookdefault.jpg','贝蒂的色彩','DS006-2',NULL,'DS116',NULL,'设计类',1),(1267,'/img/book/bookdefault.jpg','红色范思哲 灰色阿玛尼','DS007-1',NULL,'DS117',NULL,'设计类',1),(1268,'/img/book/bookdefault.jpg','红色范思哲 灰色阿玛尼','DS007-2',NULL,'DS117',NULL,'设计类',1),(1269,'/img/book/bookdefault.jpg','网站美术特效必学PhotoImpact','DS008',NULL,'DS118',NULL,'设计类',1),(1270,'/img/book/bookdefault.jpg','Web Color Design-设计师谈网页配色','DS009',NULL,'DS119',NULL,'设计类',1),(1271,'/img/book/bookdefault.jpg','配色设计原理','DS010-1',NULL,'DS120',NULL,'设计类',1),(1272,'/img/book/bookdefault.jpg','配色设计原理','DS010-2',NULL,'DS120',NULL,'设计类',1),(1273,'/img/book/bookdefault.jpg','设计的觉醒','DS011-1',NULL,'DS121',NULL,'设计类',1),(1274,'/img/book/bookdefault.jpg','设计的觉醒','DS011-2',NULL,'DS121',NULL,'设计类',1),(1275,'/img/book/bookdefault.jpg','写给大家看的设计书：实例与创意','DS012-1',NULL,'DS122',NULL,'设计类',1),(1276,'/img/book/bookdefault.jpg','写给大家看的设计书：实例与创意','DS012-2',NULL,'DS122',NULL,'设计类',1),(1277,'/img/book/bookdefault.jpg','每天懂一点色彩心理学','DS013-1',NULL,'DS123',NULL,'设计类',1),(1278,'/img/book/bookdefault.jpg','每天懂一点色彩心理学','DS013-2',NULL,'DS123',NULL,'设计类',1),(1279,'/img/book/bookdefault.jpg','设计原本','DS014',NULL,'DS124',NULL,'设计类',1),(1280,'/img/book/bookdefault.jpg','.NET 系统构架与开发','PR001',NULL,'PR111',NULL,'编程类',1),(1281,'/img/book/bookdefault.jpg','Android框架揭秘','PR002-1',NULL,'PR112',NULL,'编程类',1),(1282,'/img/book/bookdefault.jpg','Android框架揭秘','PR002-2',NULL,'PR112',NULL,'编程类',1),(1283,'/img/book/bookdefault.jpg','Android应用性能优化','PR003-1',NULL,'PR113',NULL,'编程类',1),(1284,'/img/book/bookdefault.jpg','Android应用性能优化','PR003-2',NULL,'PR113',NULL,'编程类',1),(1285,'/img/book/bookdefault.jpg','ASP.NET2.0开发指南','PR004',NULL,'PR114',NULL,'编程类',1),(1286,'/img/book/bookdefault.jpg','ASP后台数据库网站制作实例经典','PR005',NULL,'PR115',NULL,'编程类',1),(1287,'/img/book/bookdefault.jpg','Borland传奇','PR006',NULL,'PR116',NULL,'编程类',1),(1288,'/img/book/bookdefault.jpg','C#大学教程','PR007',NULL,'PR117',NULL,'编程类',1),(1289,'/img/book/bookdefault.jpg','C#入门经典','PR008',NULL,'PR118',NULL,'编程类',1),(1290,'/img/book/bookdefault.jpg','大觉慈云','BD001',NULL,'BD111',NULL,'其他',1),(1291,'/img/book/bookdefault.jpg','上佛下缘老和尚法汇','BD002',NULL,'BD112',NULL,'其他',1),(1292,'/img/book/bookdefault.jpg','佛缘老和尚纪念册','BD003-1',NULL,'BD113',NULL,'其他',1),(1293,'/img/book/bookdefault.jpg','佛缘老和尚纪念册','BD003-2',NULL,'BD113',NULL,'其他',1),(1294,'/img/book/bookdefault.jpg','丹霞别传（图册）','BD004',NULL,'BD114',NULL,'其他',1),(1295,'/img/book/bookdefault.jpg','佛泽-影像中国佛学文化','BD005',NULL,'BD115',NULL,'其他',1),(1296,'/img/book/bookdefault.jpg','饮水思源-上佛下缘老和尚行履路','BD006',NULL,'BD116',NULL,'其他',1),(1297,'/img/book/bookdefault.jpg','禅门妙法','BD007',NULL,'BD117',NULL,'其他',1);
/*!40000 ALTER TABLE `hopebook` ENABLE KEYS */;
UNLOCK TABLES;

--
-- Table structure for table `hopeequip`
--

DROP TABLE IF EXISTS `hopeequip`;
/*!40101 SET @saved_cs_client     = @@character_set_client */;
/*!40101 SET character_set_client = utf8 */;
CREATE TABLE `hopeequip` (
  `equipID` int(11) NOT NULL AUTO_INCREMENT,
  `equipHopeID` varchar(100) NOT NULL,
  `equipName` varchar(100) NOT NULL,
  `equipImgSrc` varchar(100) DEFAULT '/img/equip/equip-default.jpg',
  `equipAdminID` int(11) DEFAULT NULL,
  `equipLeft` tinyint(1) DEFAULT '1',
  PRIMARY KEY (`equipID`),
  UNIQUE KEY `equipHopeID` (`equipHopeID`)
) ENGINE=InnoDB AUTO_INCREMENT=13 DEFAULT CHARSET=utf8;
/*!40101 SET character_set_client = @saved_cs_client */;

--
-- Dumping data for table `hopeequip`
--

LOCK TABLES `hopeequip` WRITE;
/*!40000 ALTER TABLE `hopeequip` DISABLE KEYS */;
INSERT INTO `hopeequip` VALUES (1,'pooo1','D810','/img/equip/equip11478361796151.jpg',5,1),(2,'2','松下AG-DVC180B','/img/equip/equip-default.jpg',4,1),(3,'3','松下AG-DVC180B2','/img/equip/equip-default.jpg',4,1),(4,'4','松下AG-DVC180B3','/img/equip/equip-default.jpg',4,1),(5,'5','D610甲','/img/equip/equip-default.jpg',4,1),(6,'6','D610乙','/img/equip/equip-default.jpg',4,1),(7,'7','D810','/img/equip/equip-default.jpg',4,1),(8,'8','松下AG-DVC180B','/img/equip/equip-default.jpg',5,1),(9,'9','松下AG-DVC180B2','/img/equip/equip-default.jpg',4,1),(10,'10','松下AG-DVC180B3','/img/equip/equip-default.jpg',4,1),(11,'11','D610甲','/img/equip/equip-default.jpg',4,1),(12,'12','D610乙','/img/equip/equip-default.jpg',4,1);
/*!40000 ALTER TABLE `hopeequip` ENABLE KEYS */;
UNLOCK TABLES;

--
-- Table structure for table `hopereader`
--

DROP TABLE IF EXISTS `hopereader`;
/*!40101 SET @saved_cs_client     = @@character_set_client */;
/*!40101 SET character_set_client = utf8 */;
CREATE TABLE `hopereader` (
  `readerID` int(11) NOT NULL AUTO_INCREMENT,
  `readerName` varchar(20) NOT NULL,
  `readerPassword` varchar(32) NOT NULL,
  `readerSex` enum('男','女') DEFAULT '男',
  `readerGroup` enum('网管组','编程组','设计组','前端组','数码组') DEFAULT '网管组',
  `studentNumber` varchar(8) DEFAULT NULL,
  `readerMajor` varchar(20) DEFAULT NULL,
  `readerPhone` varchar(11) DEFAULT NULL,
  `readerEmail` varchar(100) DEFAULT NULL,
  `readerBadNum` int(8) DEFAULT '0',
  `userImgSrc` varchar(100) DEFAULT '/img/user/user-default.jpg',
  PRIMARY KEY (`readerID`),
  UNIQUE KEY `readerName` (`readerName`)
) ENGINE=InnoDB AUTO_INCREMENT=85 DEFAULT CHARSET=utf8;
/*!40101 SET character_set_client = @saved_cs_client */;

--
-- Dumping data for table `hopereader`
--

LOCK TABLES `hopereader` WRITE;
/*!40000 ALTER TABLE `hopereader` DISABLE KEYS */;
INSERT INTO `hopereader` VALUES (3,'周杰伦','8c0c831640c1da9f210e8951758aed5a','男','设计组','1432722','材料化学','13426073191','594619537@126.com',0,'/img/user/user-default.jpg'),(4,'风清扬','8c0c831640c1da9f210e8951758aed5a','女','数码组','1132782','应用化学','13526073191','594619537@127.com',0,'/img/user/user-default.jpg'),(5,'令狐冲','8c0c831640c1da9f210e8951758aed5a','男','数码组','12322287','化学生物学','13626073191','xiezhq5@uicharity.com',0,'/img/user/user-default.jpg'),(7,'东方不败','8c0c831640c1da9f210e8951758aed5a','女','网管组','14322267','高分子','13826073191','594613537@qq.com',0,'/img/user/user71478349163232.png'),(9,'郭靖','8c0c831640c1da9f210e8951758aed5a','女','网管组','14322454','材料化学','14026073191','594619537@165.com',0,'/img/user/user-default.jpg'),(48,'hope','8c0c831640c1da9f210e8951758aed5a','男','网管组',NULL,NULL,NULL,'3929030@qq.com',0,'/img/user/user-default.jpg'),(49,'雷雨','8c0c831640c1da9f210e8951758aed5a','男','网管组',NULL,NULL,NULL,'834511679@qq.com',0,'/img/user/user-default.jpg'),(50,'郑惠莉','8c0c831640c1da9f210e8951758aed5a','男','网管组',NULL,NULL,NULL,'1272053713@qq.com',0,'/img/user/user-default.jpg'),(51,'文海平','8c0c831640c1da9f210e8951758aed5a','男','网管组',NULL,NULL,NULL,'1719363495@qq.com',0,'/img/user/user-default.jpg'),(52,'郑培钦','8c0c831640c1da9f210e8951758aed5a','男','网管组',NULL,NULL,NULL,'1455760759@qq.com',0,'/img/user/user-default.jpg'),(53,'范敬一','8c0c831640c1da9f210e8951758aed5a','男','网管组',NULL,NULL,NULL,'651838750@qq.com',0,'/img/user/user-default.jpg'),(54,'胡慧盈','8c0c831640c1da9f210e8951758aed5a','男','网管组',NULL,NULL,NULL,'1394894587@qq.com',0,'/img/user/user-default.jpg'),(55,'王一帆','8c0c831640c1da9f210e8951758aed5a','男','网管组',NULL,NULL,NULL,'2912797624@qq.com',0,'/img/user/user-default.jpg'),(56,'许锐','8c0c831640c1da9f210e8951758aed5a','男','网管组',NULL,NULL,NULL,'365884344@qq.com',0,'/img/user/user-default.jpg'),(57,'姜永浩','8c0c831640c1da9f210e8951758aed5a','男','网管组',NULL,NULL,NULL,'8751349409@qq.com',0,'/img/user/user-default.jpg'),(58,'胡泳琳','8c0c831640c1da9f210e8951758aed5a','女','设计组','','','','1050292561@qq.com',0,'/img/user/user-default.jpg'),(59,'徐东航','8c0c831640c1da9f210e8951758aed5a','男','网管组',NULL,NULL,NULL,'794243810@qq.com',0,'/img/user/user-default.jpg'),(60,'黄楼广庶','8c0c831640c1da9f210e8951758aed5a','男','网管组',NULL,NULL,NULL,'623250349@qq.com',0,'/img/user/user-default.jpg'),(61,'黄金梅','8c0c831640c1da9f210e8951758aed5a','男','网管组',NULL,NULL,NULL,'1873555210@qq.com',0,'/img/user/user-default.jpg'),(62,'招润捷','8c0c831640c1da9f210e8951758aed5a','男','网管组',NULL,NULL,NULL,'408972828@qq.com',0,'/img/user/user-default.jpg'),(63,'钟雯璇','8c0c831640c1da9f210e8951758aed5a','男','网管组',NULL,NULL,NULL,'742037750@qq.com',0,'/img/user/user-default.jpg'),(64,'曹颖雯','8c0c831640c1da9f210e8951758aed5a','男','网管组',NULL,NULL,NULL,'1473728862@qq.com',0,'/img/user/user-default.jpg'),(65,'崔霄','8c0c831640c1da9f210e8951758aed5a','男','网管组',NULL,NULL,NULL,'734270110@qq.com',0,'/img/user/user-default.jpg'),(66,'冯常殷','8c0c831640c1da9f210e8951758aed5a','男','网管组',NULL,NULL,NULL,'137894413@qq.com',0,'/img/user/user-default.jpg'),(67,'戴雨晴','8c0c831640c1da9f210e8951758aed5a','男','网管组',NULL,NULL,NULL,'1479227484@qq.com',0,'/img/user/user-default.jpg'),(68,'刘博洋','8c0c831640c1da9f210e8951758aed5a','男','网管组',NULL,NULL,NULL,'578837276@qq.com',0,'/img/user/user-default.jpg'),(69,'郑少平','8c0c831640c1da9f210e8951758aed5a','男','网管组',NULL,NULL,NULL,'787183306@qq.com',0,'/img/user/user-default.jpg'),(70,'方政','8c0c831640c1da9f210e8951758aed5a','男','网管组',NULL,NULL,NULL,'317069780@qq.com',0,'/img/user/user-default.jpg'),(71,'郭叙森','8c0c831640c1da9f210e8951758aed5a','男','网管组',NULL,NULL,NULL,'1756710867@qq.com',0,'/img/user/user-default.jpg'),(72,'胡冀博','8c0c831640c1da9f210e8951758aed5a','男','网管组',NULL,NULL,NULL,'384127028@qq.com',0,'/img/user/user-default.jpg'),(73,'肖鹏飞','8c0c831640c1da9f210e8951758aed5a','男','网管组',NULL,NULL,NULL,'481704983@qq.com',0,'/img/user/user-default.jpg'),(74,'王金伟','8c0c831640c1da9f210e8951758aed5a','男','网管组',NULL,NULL,NULL,'1450668340@qq.com',0,'/img/user/user-default.jpg'),(75,'黄肇章','8c0c831640c1da9f210e8951758aed5a','男','网管组',NULL,NULL,NULL,'625747298@qq.com',0,'/img/user/user-default.jpg'),(76,'洪俊宇','8c0c831640c1da9f210e8951758aed5a','男','网管组',NULL,NULL,NULL,'1026399072@qq.com',0,'/img/user/user-default.jpg'),(77,'付子恩','8c0c831640c1da9f210e8951758aed5a','男','网管组',NULL,NULL,NULL,'420925324@qq.com',0,'/img/user/user-default.jpg'),(78,'陈健文','8c0c831640c1da9f210e8951758aed5a','男','网管组',NULL,NULL,NULL,'786042065@qq.com',0,'/img/user/user-default.jpg'),(79,'刘海荞','8c0c831640c1da9f210e8951758aed5a','男','网管组',NULL,NULL,NULL,'476064691@qq.com',0,'/img/user/user-default.jpg'),(80,'阳富城','8c0c831640c1da9f210e8951758aed5a','男','网管组',NULL,NULL,NULL,'875385950@qq.com',0,'/img/user/user-default.jpg'),(81,'杨俊锐','8c0c831640c1da9f210e8951758aed5a','男','网管组',NULL,NULL,NULL,'1020238355@qq.com',0,'/img/user/user-default.jpg'),(82,'李胜波','8c0c831640c1da9f210e8951758aed5a','男','网管组',NULL,NULL,NULL,'448187466@qq.com',0,'/img/user/user-default.jpg'),(83,'dd','96e79218965eb72c92a549dd5a330112','男','编程组',NULL,NULL,NULL,'aaaa',0,'/img/user/user-default.jpg'),(84,'CC','96e79218965eb72c92a549dd5a330112','男','数码组',NULL,NULL,NULL,'CC',0,'/img/user/user-default.jpg');
/*!40000 ALTER TABLE `hopereader` ENABLE KEYS */;
UNLOCK TABLES;
/*!40103 SET TIME_ZONE=@OLD_TIME_ZONE */;

/*!40101 SET SQL_MODE=@OLD_SQL_MODE */;
/*!40014 SET FOREIGN_KEY_CHECKS=@OLD_FOREIGN_KEY_CHECKS */;
/*!40014 SET UNIQUE_CHECKS=@OLD_UNIQUE_CHECKS */;
/*!40101 SET CHARACTER_SET_CLIENT=@OLD_CHARACTER_SET_CLIENT */;
/*!40101 SET CHARACTER_SET_RESULTS=@OLD_CHARACTER_SET_RESULTS */;
/*!40101 SET COLLATION_CONNECTION=@OLD_COLLATION_CONNECTION */;
/*!40111 SET SQL_NOTES=@OLD_SQL_NOTES */;

-- Dump completed on 2016-11-06 16:51:32
