-- MySQL dump 10.13  Distrib 5.7.24, for Linux (x86_64)
--
-- Host: localhost    Database: hopeWechat
-- ------------------------------------------------------
-- Server version	5.7.24-0ubuntu0.18.04.1

/*!40101 SET @OLD_CHARACTER_SET_CLIENT=@@CHARACTER_SET_CLIENT */;
/*!40101 SET @OLD_CHARACTER_SET_RESULTS=@@CHARACTER_SET_RESULTS */;
/*!40101 SET @OLD_COLLATION_CONNECTION=@@COLLATION_CONNECTION */;
/*!40101 SET NAMES utf8 */;
/*!40103 SET @OLD_TIME_ZONE=@@TIME_ZONE */;
/*!40103 SET TIME_ZONE='+00:00' */;
/*!40014 SET @OLD_UNIQUE_CHECKS=@@UNIQUE_CHECKS, UNIQUE_CHECKS=0 */;
/*!40014 SET @OLD_FOREIGN_KEY_CHECKS=@@FOREIGN_KEY_CHECKS, FOREIGN_KEY_CHECKS=0 */;
/*!40101 SET @OLD_SQL_MODE=@@SQL_MODE, SQL_MODE='NO_AUTO_VALUE_ON_ZERO' */;
/*!40111 SET @OLD_SQL_NOTES=@@SQL_NOTES, SQL_NOTES=0 */;

--
-- Current Database: `hopeWechat`
--

CREATE DATABASE /*!32312 IF NOT EXISTS*/ `hopeWechat` /*!40100 DEFAULT CHARACTER SET latin1 */;

USE `hopeWechat`;

--
-- Table structure for table `bookborrow`
--

DROP TABLE IF EXISTS `bookborrow`;
/*!40101 SET @saved_cs_client     = @@character_set_client */;
/*!40101 SET character_set_client = utf8 */;
CREATE TABLE `bookborrow` (
  `borrowID` int(11) NOT NULL AUTO_INCREMENT,
  `borrowBookID` int(8) NOT NULL,
  `borrowUserID` int(8) NOT NULL,
  `borrowTime` date NOT NULL,
  `returnWhe` tinyint(1) DEFAULT '0',
  `returnBefore` date DEFAULT NULL,
  PRIMARY KEY (`borrowID`)
) ENGINE=InnoDB AUTO_INCREMENT=32 DEFAULT CHARSET=utf8;
/*!40101 SET character_set_client = @saved_cs_client */;

--
-- Dumping data for table `bookborrow`
--

LOCK TABLES `bookborrow` WRITE;
/*!40000 ALTER TABLE `bookborrow` DISABLE KEYS */;
INSERT INTO `bookborrow` VALUES (1,36,1,'2016-10-01',1,'2016-10-31'),(2,36,1,'2016-10-01',1,'2016-10-31'),(3,36,1,'2016-10-01',1,'2016-10-31'),(4,33,1,'2016-10-01',1,'2016-10-31'),(5,33,1,'2016-10-01',1,'2016-10-31'),(6,34,1,'2016-10-01',1,'2016-10-31'),(7,36,1,'2016-10-01',1,'2016-10-31'),(8,36,1,'2016-10-01',1,'2016-10-31'),(9,33,1,'2016-10-01',1,'2016-10-31'),(10,32,1,'2016-10-01',1,'2016-10-31'),(11,33,1,'2016-10-01',1,'2016-10-31'),(12,36,1,'2016-10-01',1,'2016-10-31'),(13,27,1,'2016-10-01',1,'2016-10-31'),(14,30,1,'2016-10-01',1,'2016-10-31'),(15,32,1,'2016-10-01',1,'2016-10-31'),(16,32,1,'2016-10-01',1,'2016-10-31'),(17,36,1,'2016-10-01',1,'2016-10-31'),(18,37,1,'2016-10-01',1,'2016-10-31'),(19,31,1,'2016-10-01',1,'2016-10-31'),(20,30,4,'2016-10-01',1,'2016-10-31'),(21,33,7,'2016-10-01',1,'2016-10-31'),(22,35,7,'2016-10-01',1,'2016-10-31'),(23,30,7,'2016-10-01',1,'2016-10-31'),(24,28,7,'2016-10-01',1,'2016-10-31'),(25,33,7,'2016-10-01',1,'2016-10-31'),(26,36,7,'2016-10-01',1,'2016-10-31'),(27,37,5,'2016-10-01',1,'2016-10-31'),(28,38,5,'2016-10-01',1,'2016-10-31'),(29,31,5,'2016-10-29',1,'2016-11-28'),(30,36,5,'2016-10-31',1,'2016-11-30'),(31,124,5,'2016-11-02',1,'2016-12-02');
/*!40000 ALTER TABLE `bookborrow` ENABLE KEYS */;
UNLOCK TABLES;

--
-- Table structure for table `equipborrow`
--

DROP TABLE IF EXISTS `equipborrow`;
/*!40101 SET @saved_cs_client     = @@character_set_client */;
/*!40101 SET character_set_client = utf8 */;
CREATE TABLE `equipborrow` (
  `borrowID` int(11) NOT NULL AUTO_INCREMENT,
  `borrowEquipID` int(8) NOT NULL,
  `borrowUserID` int(8) NOT NULL,
  `borrowTime` date NOT NULL,
  `returnWhe` tinyint(1) DEFAULT '0',
  `returnBefore` date DEFAULT NULL,
  `reservation` tinyint(1) DEFAULT '0',
  `reservationText` text,
  PRIMARY KEY (`borrowID`)
) ENGINE=InnoDB AUTO_INCREMENT=17 DEFAULT CHARSET=utf8;
/*!40101 SET character_set_client = @saved_cs_client */;

--
-- Dumping data for table `equipborrow`
--

LOCK TABLES `equipborrow` WRITE;
/*!40000 ALTER TABLE `equipborrow` DISABLE KEYS */;
INSERT INTO `equipborrow` VALUES (1,1,7,'2016-11-03',1,'2016-11-06',1,NULL),(4,1,7,'2016-11-03',1,'2016-11-06',1,NULL),(5,1,7,'2016-11-03',1,'2016-11-06',1,NULL),(6,1,7,'2016-11-03',1,'2016-11-06',1,NULL),(8,4,7,'2016-11-03',1,'2016-11-06',1,NULL),(9,5,7,'2016-11-03',1,'2016-11-06',1,NULL),(10,1,7,'2016-11-03',1,'2016-11-06',1,NULL),(11,3,7,'2016-11-03',1,'2016-11-06',1,NULL),(13,1,7,'2016-11-04',1,'2016-11-07',1,'沙发是打发'),(14,3,7,'2016-11-04',1,'2016-11-07',1,''),(15,1,7,'2016-11-04',1,'2016-11-07',1,''),(16,9,7,'2016-11-04',1,'2016-11-07',1,'asfjklajsldkf\n');
/*!40000 ALTER TABLE `equipborrow` ENABLE KEYS */;
UNLOCK TABLES;

--
-- Table structure for table `hopeadmin`
--

DROP TABLE IF EXISTS `hopeadmin`;
/*!40101 SET @saved_cs_client     = @@character_set_client */;
/*!40101 SET character_set_client = utf8 */;
CREATE TABLE `hopeadmin` (
  `adminID` int(11) NOT NULL AUTO_INCREMENT,
  `adminName` varchar(20) NOT NULL,
  `adminPassword` varchar(32) NOT NULL,
  `adminEmail` varchar(100) DEFAULT NULL,
  `adminImgSrc` varchar(100) DEFAULT '/img/admin/admin-default.jpg',
  `adminPermissions` enum('super','book','camera') DEFAULT 'book',
  PRIMARY KEY (`adminID`),
  UNIQUE KEY `adminName` (`adminName`)
) ENGINE=InnoDB AUTO_INCREMENT=7 DEFAULT CHARSET=utf8;
/*!40101 SET character_set_client = @saved_cs_client */;

--
-- Dumping data for table `hopeadmin`
--

LOCK TABLES `hopeadmin` WRITE;
/*!40000 ALTER TABLE `hopeadmin` DISABLE KEYS */;
INSERT INTO `hopeadmin` VALUES (1,'周杰伦','8c0c831640c1da9f210e8951758aed5a','594613537@qq.com','/img/admin/admin71478350713140.jpg','super'),(2,'黄楼','8c0c831640c1da9f210e8951758aed5a','594613537@qq.com','/img/admin/adminundefined1478350434845.jpg','book'),(3,'曹颖雯','8c0c831640c1da9f210e8951758aed5a','594613537@qq.com','/img/admin/admin-default.jpg','book'),(4,'阳富城','8c0c831640c1da9f210e8951758aed5a','594613537@qq.com','/img/admin/admin-default.jpg','camera'),(5,'钟雯璇','8c0c831640c1da9f210e8951758aed5a','594613537@qq.com','/img/admin/admin-default.jpg','camera'),(6,'忽如寄','a9fb05e835487edf4db6fc27c851054f','594613537@qq.com','/img/admin/admin-default.jpg','super');
/*!40000 ALTER TABLE `hopeadmin` ENABLE KEYS */;
UNLOCK TABLES;

--
-- Table structure for table `hopebook`
--

DROP TABLE IF EXISTS `hopebook`;
/*!40101 SET @saved_cs_client     = @@character_set_client */;
/*!40101 SET character_set_client = utf8 */;
CREATE TABLE `hopebook` (
  `bookID` int(11) NOT NULL AUTO_INCREMENT,
  `bookImgSrc` varchar(100) DEFAULT '/img/book/bookdefault.jpg',
  `bookName` varchar(100) NOT NULL,
  `bookHopeID` varchar(100) NOT NULL,
  `bookAuthor` varchar(100) DEFAULT NULL,
  `bookISBN` varchar(100) NOT NULL,
  `bookPress` varchar(100) DEFAULT NULL,
  `bookCate` enum('编程类','设计类','摄影类','网管类','人文类','软件教程类','博雅教育类','其他') DEFAULT '编程类',
  `bookLeft` tinyint(1) DEFAULT '1',
  PRIMARY KEY (`bookID`),
  UNIQUE KEY `bookHopeID` (`bookHopeID`)
) ENGINE=InnoDB AUTO_INCREMENT=1298 DEFAULT CHARSET=utf8;
/*!40101 SET character_set_client = @saved_cs_client */;

--
-- Dumping data for table `hopebook`
--

LOCK TABLES `hopebook` WRITE;
/*!40000 ALTER TABLE `hopebook` DISABLE KEYS */;
INSERT INTO `hopebook` VALUES (1,'/img/book/PR024.jpg','.NET 系统构架与开发','PR024',NULL,'1',NULL,'编程类',1),(2,'/img/book/PR093.jpg','Android框架揭秘','PR093',NULL,'2',NULL,'编程类',1),(3,'/img/book/PR094.jpg','Android框架揭秘','PR094',NULL,'3',NULL,'编程类',1),(4,'/img/book/PR087.jpg','Android应用性能优化','PR087',NULL,'4',NULL,'编程类',1),(5,'/img/book/PR088.jpg','Android应用性能优化','PR088',NULL,'5',NULL,'编程类',1),(6,'/img/book/PR019.jpg','ASP.NET2.0开发指南','PR019',NULL,'6',NULL,'编程类',1),(7,'/img/book/PR020.jpg','ASP后台数据库网站制作实例经典','PR020',NULL,'7',NULL,'编程类',1),(8,'/img/book/PR041.jpg','Borland传奇','PR041',NULL,'8',NULL,'编程类',1),(9,'/img/book/PR025.jpg','C#大学教程','PR025',NULL,'9',NULL,'编程类',1),(10,'/img/book/PR057.jpg','C#入门经典','PR057',NULL,'10',NULL,'编程类',1),(11,'/img/book/PR061.jpg','CMS用户手册','PR061',NULL,'11',NULL,'编程类',1),(12,'/img/book/PR005.jpg','CSS权威指南（Eric A.Meyer）','PR005',NULL,'12',NULL,'编程类',1),(13,'/img/book/PR006.jpg','CSS权威指南（Eric A.Meyer）','PR006',NULL,'13',NULL,'编程类',1),(14,'/img/book/PR037.jpg','CSS权威指南（Eric A.Meyer）','PR037',NULL,'14',NULL,'编程类',1),(15,'/img/book/PR038.jpg','CSS权威指南（Eric A.Meyer）','PR038',NULL,'15',NULL,'编程类',1),(16,'/img/book/PR012.jpg','C程序设计','PR012',NULL,'16',NULL,'编程类',1),(17,'/img/book/PR023.jpg','Flex完全自学手册（胡洁 等）','PR023',NULL,'17',NULL,'编程类',1),(18,'/img/book/PR089.jpg','Head first HTML5Programming','PR089',NULL,'18',NULL,'编程类',1),(19,'/img/book/PR090.jpg','Head first HTML6Programming','PR090',NULL,'19',NULL,'编程类',1),(20,'/img/book/PR051.jpg','HTML＆XHTML权威指南（上）','PR051',NULL,'20',NULL,'编程类',1),(21,'/img/book/PR052.jpg','HTML＆XHTML权威指南（下）','PR052',NULL,'21',NULL,'编程类',1),(22,'/img/book/PR091.jpg','HTML5触摸界面设计与开发','PR091',NULL,'22',NULL,'编程类',1),(23,'/img/book/PR032.jpg','HTML5揭秘','PR032',NULL,'23',NULL,'编程类',1),(24,'/img/book/PR033.jpg','HTML5揭秘','PR033',NULL,'24',NULL,'编程类',1),(25,'/img/book/PR092.jpg','HTML6 Canvas开发详解','PR092',NULL,'25',NULL,'编程类',1),(26,'/img/book/PR070.jpg','JavaScript DOM编程技术','PR070',NULL,'26',NULL,'编程类',1),(27,'/img/book/PR048.jpg','JavaScript 高级程序设计（第2版）','PR048',NULL,'27',NULL,'编程类',1),(28,'/img/book/PR047.jpg','JavaScript编程艺术（第2版）','PR047',NULL,'28',NULL,'编程类',1),(29,'/img/book/PR049.jpg','JavaScript基础教程（第7版）','PR049',NULL,'29',NULL,'编程类',1),(30,'/img/book/PR060.jpg','JavaScript框架设计','PR060',NULL,'30',NULL,'编程类',1),(31,'/img/book/PR014.jpg','JavaScript实例教程（赵丰年）','PR014',NULL,'31',NULL,'编程类',1),(32,'/img/book/PR046.jpg','JavaScript语言精髓与编程实践','PR046',NULL,'32',NULL,'编程类',1),(33,'/img/book/PR085.jpg','JAVA编程思想','PR085',NULL,'33',NULL,'编程类',1),(34,'/img/book/PR086.jpg','JAVA编程思想','PR086',NULL,'34',NULL,'编程类',1),(35,'/img/book/PR042.jpg','JaverScript权威指南','PR042',NULL,'35',NULL,'编程类',1),(36,'/img/book/PR059.jpg','Jqwery内核详解与实践','PR059',NULL,'36',NULL,'编程类',1),(37,'/img/book/PR021.jpg','JSP编程思想与实践','PR021',NULL,'37',NULL,'编程类',1),(38,'/img/book/PR069.jpg','Matlab 2010从入门到精通','PR069',NULL,'38',NULL,'编程类',1),(39,'/img/book/PR067.jpg','MatLAB 6.5应用接口编程','PR067',NULL,'39',NULL,'编程类',1),(40,'/img/book/PR053.jpg','MYSQL网络数据库指南','PR053',NULL,'40',NULL,'编程类',1),(41,'/img/book/PR095.jpg','NoSQL精粹','PR095',NULL,'41',NULL,'编程类',1),(42,'/img/book/PR096.jpg','NoSQL精粹','PR096',NULL,'42',NULL,'编程类',1),(43,'/img/book/PR030.jpg','Perl最佳实践','PR030',NULL,'43',NULL,'编程类',1),(44,'/img/book/PR031.jpg','Perl最佳实践','PR031',NULL,'44',NULL,'编程类',1),(45,'/img/book/PR039.jpg','Sever 2008 SQL学习笔记','PR039',NULL,'45',NULL,'编程类',1),(46,'/img/book/PR040.jpg','Sever 2008 SQL学习笔记','PR040',NULL,'46',NULL,'编程类',1),(47,'/img/book/PR097.jpg','SQL Server 2008数据库应用与开发教程','PR097',NULL,'47',NULL,'编程类',1),(48,'/img/book/PR098.jpg','SQL Server 2008数据库应用与开发教程','PR098',NULL,'48',NULL,'编程类',1),(49,'/img/book/PR101.jpg','SQL Server 从入门到精通','PR101',NULL,'49',NULL,'编程类',1),(50,'/img/book/PR102.jpg','SQL Server 从入门到精通','PR102',NULL,'50',NULL,'编程类',1),(51,'/img/book/PR009.jpg','SQL Server2000 案例教程','PR009',NULL,'51',NULL,'编程类',1),(52,'/img/book/PR055.jpg','SQL Server2000 案例教程','PR055',NULL,'52',NULL,'编程类',1),(53,'/img/book/PR010.jpg','SQL Server2005 高级管理','PR010',NULL,'53',NULL,'编程类',1),(54,'/img/book/PR036.jpg','SQL Server2005 高级管理','PR036',NULL,'54',NULL,'编程类',1),(55,'/img/book/PR017.jpg','SQL Server2008 从入门到精通','PR017',NULL,'55',NULL,'编程类',1),(56,'/img/book/PR016.jpg','SQL Server2008 从入门到精通','PR016',NULL,'56',NULL,'编程类',1),(57,'/img/book/PR056.jpg','SQL Server2008管理专家指南','PR056',NULL,'57',NULL,'编程类',1),(58,'/img/book/PR099.jpg','SQL 入门经典','PR099',NULL,'58',NULL,'编程类',1),(59,'/img/book/PR100.jpg','SQL 入门经典','PR100',NULL,'59',NULL,'编程类',1),(60,'/img/book/PR013.jpg','VCL架构剖析（李维）','PR013',NULL,'60',NULL,'编程类',1),(61,'/img/book/PR068.jpg','Visual Basic SQL Server数据库应用系统开发与实例','PR068',NULL,'61',NULL,'编程类',1),(62,'/img/book/PR066.jpg','Visucl C#.NET宝典','PR066',NULL,'62',NULL,'编程类',1),(63,'/img/book/PR064.jpg','Visucl C#.NET应用编程150例','PR064',NULL,'63',NULL,'编程类',1),(64,'/img/book/PR106.jpg','啊哈！算法','PR106',NULL,'64',NULL,'编程类',1),(65,'/img/book/PR107.jpg','啊哈！算法','PR107',NULL,'65',NULL,'编程类',1),(66,'/img/book/PR108.jpg','啊哈C！思考快你一步','PR108',NULL,'66',NULL,'编程类',1),(67,'/img/book/PR109.jpg','啊哈C！思考快你一步','PR109',NULL,'67',NULL,'编程类',1),(68,'/img/book/PR015.jpg','编码的奥秘（Charles Petzold）','PR015',NULL,'68',NULL,'编程类',1),(69,'/img/book/PR063.jpg','程序员大本营数据库光盘','PR063',NULL,'69',NULL,'编程类',1),(70,'/img/book/PR072.jpg','大数据:正在到来的数据革命','PR072',NULL,'70',NULL,'编程类',1),(71,'/img/book/PR073.jpg','大数据:正在到来的数据革命','PR073',NULL,'71',NULL,'编程类',1),(72,'/img/book/PR074.jpg','大数据:正在到来的数据革命','PR074',NULL,'72',NULL,'编程类',1),(73,'/img/book/PR075.jpg','大数据:正在到来的数据革命','PR075',NULL,'73',NULL,'编程类',1),(74,'/img/book/PR043.jpg','动易网站管理系统用户手册','PR043',NULL,'74',NULL,'编程类',1),(75,'/img/book/PR051.jpg','锋利的jQuery','PR051-1',NULL,'75',NULL,'编程类',1),(76,'/img/book/PR054.jpg','高性能Linux服务器构建与实践','PR054',NULL,'76',NULL,'编程类',1),(77,'/img/book/PR018.jpg','管理专家指南','PR018',NULL,'77',NULL,'编程类',1),(78,'/img/book/PR022.jpg','计算机程序设计（第3版）','PR022',NULL,'78',NULL,'编程类',1),(79,'/img/book/PR058.jpg','精品网络课程开发与设计','PR058',NULL,'79',NULL,'编程类',1),(80,'/img/book/PR034.jpg','精通CSS：高级Web标准解决方案','PR034',NULL,'80',NULL,'编程类',1),(81,'/img/book/PR035.jpg','精通CSS：高级Web标准解决方案','PR035',NULL,'81',NULL,'编程类',1),(82,'/img/book/PR050.jpg','精通HTML（语义、标准和样式）','PR050',NULL,'82',NULL,'编程类',1),(83,'/img/book/PR110.jpg','图解CSS3','PR110',NULL,'83',NULL,'编程类',1),(84,'/img/book/PR111.jpg','图解CSS3','PR111',NULL,'84',NULL,'编程类',1),(85,'/img/book/PR027.jpg','网站开发专家：Javascript征途','PR027',NULL,'85',NULL,'编程类',1),(86,'/img/book/PR003.jpg','网站重构（Jeffrey Zeldman,Ethan Marcotte）','PR003',NULL,'86',NULL,'编程类',1),(87,'/img/book/PR004.jpg','网站重构（Jeffrey Zeldman,Ethan Marcotte）','PR004',NULL,'87',NULL,'编程类',1),(88,'/img/book/PR026.jpg','网站重构（Jeffrey Zeldman,Ethan Marcotte）','PR026',NULL,'88',NULL,'编程类',1),(89,'/img/book/PR045.jpg','网站重构-应用web标准进行设计（第三版）','PR045',NULL,'89',NULL,'编程类',1),(90,'/img/book/PR082.jpg','微信公众平台搭建与开发解密','PR082',NULL,'90',NULL,'编程类',1),(91,'/img/book/PR103.jpg','微信公众平台搭建与开发解密','PR103',NULL,'91',NULL,'编程类',1),(92,'/img/book/PR104.jpg','微信公众平台搭建与开发解密','PR104',NULL,'92',NULL,'编程类',1),(93,'/img/book/PR105.jpg','微信营销与运营','PR105',NULL,'93',NULL,'编程类',1),(94,'/img/book/PR076.jpg','响应式Web设计——HTML5和CSS3实战','PR076',NULL,'94',NULL,'编程类',1),(95,'/img/book/PR077.jpg','响应式Web设计——HTML5和CSS3实战','PR077',NULL,'95',NULL,'编程类',1),(96,'/img/book/PR078.jpg','响应式Web设计——HTML5和CSS3实战','PR078',NULL,'96',NULL,'编程类',1),(97,'/img/book/PR062.jpg','虚拟智慧vMware vSphere','PR062',NULL,'97',NULL,'编程类',1),(98,'/img/book/PR112.jpg','移动网页设计与开发','PR112',NULL,'98',NULL,'编程类',1),(99,'/img/book/PR113.jpg','移动网页设计与开发','PR113',NULL,'99',NULL,'编程类',1),(100,'/img/book/PR007.jpg','重构——改善既有代码的设计（Martin Fowler）','PR007',NULL,'100',NULL,'编程类',1),(101,'/img/book/PR008.jpg','重构——改善既有代码的设计（Martin Fowler）','PR008',NULL,'101',NULL,'编程类',1),(102,'/img/book/PR011.jpg','重构-改善既有代码的设计（中文版）','PR011',NULL,'102',NULL,'编程类',1),(103,'/img/book/PR070-1.jpg','编写高质量代码：Web前端开发修炼之道','PR070-1',NULL,'103',NULL,'编程类',1),(104,'/img/book/PR070-2.jpg','编写高质量代码：Web前端开发修炼之道','PR070-2',NULL,'104',NULL,'编程类',1),(105,'/img/book/PR071.jpg','ASP.NET MVC4开发指南','PR071',NULL,'105',NULL,'编程类',1),(106,'/img/book/PR072.jpg','Bookstrap用户手册','PR072-1',NULL,'106',NULL,'编程类',1),(107,'/img/book/PR073.jpg','数据结构','PR073-1',NULL,'107',NULL,'编程类',1),(108,'/img/book/PR074.jpg','C语言程序设计','PR074-1',NULL,'108',NULL,'编程类',1),(109,'/img/book/PR075.jpg','CSS禅意花园','PR075-1',NULL,'109',NULL,'编程类',1),(110,'/img/book/PR083.jpg','决胜移动终端','PR083',NULL,'110',NULL,'编程类',1),(111,'/img/book/PR084.jpg','决胜移动终端','PR084',NULL,'111',NULL,'编程类',1),(112,'/img/book/PR065.jpg','人工智能','PR065',NULL,'112',NULL,'编程类',1),(113,'/img/book/PR028.jpg','人月神话','PR028',NULL,'113',NULL,'编程类',1),(114,'/img/book/PR029.jpg','人月神话','PR029',NULL,'114',NULL,'编程类',1),(115,'/img/book/PR001.jpg','软件工程（第二版）','PR001',NULL,'115',NULL,'编程类',1),(116,'/img/book/PR002.jpg','软件工程（第二版）','PR002',NULL,'116',NULL,'编程类',1),(117,'/img/book/PR044.jpg','设计原本','PR044',NULL,'117',NULL,'编程类',1),(118,'/img/book/PR079.jpg','淘宝技术这十年','PR079',NULL,'118',NULL,'编程类',1),(119,'/img/book/PR080.jpg','淘宝技术这十年','PR080',NULL,'119',NULL,'编程类',1),(120,'/img/book/PR081.jpg','淘宝技术这十年','PR081',NULL,'120',NULL,'编程类',1),(121,'/img/book/PR083.jpg','ASP.NET MVC4开发指南','PR083-1',NULL,'121',NULL,'编程类',1),(122,'/img/book/PR084.jpg','众妙之门 Javascript与jQuery技术精粹','PR084-1',NULL,'122',NULL,'编程类',1),(123,'/img/book/PR085.jpg','众妙之门精通CSS3','PR085-1',NULL,'123',NULL,'编程类',1),(124,'/img/book/PR086.jpg','PowerEasySitefactoryCMS用户手册','PR086-1',NULL,'124',NULL,'编程类',1),(125,'/img/book/PR087-1.jpg','Java编程思想','PR087-1',NULL,'125',NULL,'编程类',1),(126,'/img/book/PR088-1.jpg','WebKit技术内幕','PR088-1',NULL,'126',NULL,'编程类',1),(127,'/img/book/PR089-1.jpg','JavaScript设计模式与开发实践','PR089-1',NULL,'127',NULL,'编程类',1),(128,'/img/book/PR090-1.jpg','第一行代码Android','PR090-1',NULL,'128',NULL,'编程类',1),(129,'/img/book/PR091-1.jpg','Java核心技术 卷1','PR091-1',NULL,'129',NULL,'编程类',1),(130,'/img/book/PR092-1.jpg','Java核心技术 卷2','PR092-1',NULL,'130',NULL,'编程类',1),(131,'/img/book/PR093.jpg','大话数据结构','PR093-1',NULL,'131',NULL,'编程类',1),(132,'/img/book/PR094.jpg','MongoDB权威指南','PR094-1',NULL,'132',NULL,'编程类',1),(133,'/img/book/PR095.jpg','Node.js项目实践','PR095-1',NULL,'133',NULL,'编程类',1),(134,'/img/book/PR096.jpg','Docker技术入门与实战','PR096-1',NULL,'134',NULL,'编程类',1),(135,'/img/book/PR097.jpg','程序员的自我修养','PR097-1',NULL,'135',NULL,'编程类',1),(136,'/img/book/PR098.jpg','数据结构与算法分析','PR098-1',NULL,'136',NULL,'编程类',1),(137,'/img/book/PR099.jpg','算法','PR099-1',NULL,'137',NULL,'编程类',1),(138,'/img/book/PR100.jpg','PHP和MySQL Web开发','PR100-1',NULL,'138',NULL,'编程类',1),(139,'/img/book/PR101.jpg','Node.js实战','PR101-1',NULL,'139',NULL,'编程类',1),(140,'/img/book/PR102.jpg','webGL编程指南','PR102-1',NULL,'140',NULL,'编程类',1),(141,'/img/book/PR103.jpg','深入理解PHP','PR103-1',NULL,'141',NULL,'编程类',1),(142,'/img/book/PR104.jpg','数据库系统概念','PR104-1',NULL,'142',NULL,'编程类',1),(143,'/img/book/PR105.jpg','计算机组成与设计（硬件/软件接口）','PR105-1',NULL,'143',NULL,'编程类',1),(144,'/img/book/PR106.jpg','计算机系统（系统架构与操作系统的高度集成）','PR106-1',NULL,'144',NULL,'编程类',1),(145,'/img/book/PR107A.jpg','大话数据数据库','PR107A',NULL,'145',NULL,'编程类',1),(146,'/img/book/PR107B.jpg','大话数据数据库','PR107B',NULL,'146',NULL,'编程类',1),(147,'/img/book/PR107C.jpg','大话数据数据库','PR107C',NULL,'147',NULL,'编程类',1),(148,'/img/book/PR110.jpg','精通正则表达式','PR110-1',NULL,'148',NULL,'编程类',1),(149,'/img/book/PR111.jpg','深入浅出Node.js','PR111-1',NULL,'149',NULL,'编程类',1),(150,'/img/book/PR112.jpg','java核心技术 卷一 基础知识','PR112-1',NULL,'150',NULL,'编程类',1),(151,'/img/book/PR113.jpg','React Native:用JavaScript开发移动应用','PR113-1',NULL,'151',NULL,'编程类',1),(152,'/img/book/PR114.jpg','React Native:引领未来用户界面现货','PR114',NULL,'152',NULL,'编程类',1),(153,'/img/book/PR115.jpg','编码：隐秘在计算机软硬件背后的语言','PR115',NULL,'153',NULL,'编程类',1),(154,'/img/book/PR116.jpg','C#入门经典（第6版）','PR116',NULL,'154',NULL,'编程类',1),(155,'/img/book/PR117.jpg','算法 第4版 Algorithms Fourth Edition','PR117',NULL,'155',NULL,'编程类',1),(156,'/img/book/PR118-1.jpg','Java核心技术（卷2）：高级特性（原书第9版）','PR118-1',NULL,'156',NULL,'编程类',1),(157,'/img/book/PR118-2.jpg','','PR118-2',NULL,'157',NULL,'编程类',1),(158,'/img/book/PR118-3.jpg','','PR118-3',NULL,'158',NULL,'编程类',1),(159,'/img/book/PR119-1.jpg','Java核心技术（卷1）：基础知识（原书第9版）','PR119-1',NULL,'159',NULL,'编程类',1),(160,'/img/book/PR119-2.jpg','Java核心技术（卷1）：基础知识（原书第9版）','PR119-2',NULL,'160',NULL,'编程类',1),(161,'/img/book/PR119-3.jpg','Java核心技术（卷1）：基础知识（原书第9版）','PR119-3',NULL,'161',NULL,'编程类',1),(162,'/img/book/PR122.jpg','JavaScript设计模式与开发实践','PR122',NULL,'162',NULL,'编程类',1),(163,'/img/book/PR123-1.jpg','C++ Primer Plus(第6版中文版)','PR123-1',NULL,'163',NULL,'编程类',1),(164,'/img/book/PR123-2.jpg','C++ Primer Plus(第7版中文版)','PR123-2',NULL,'164',NULL,'编程类',1),(165,'/img/book/PR124.jpg','Head First HTML5 Programming(中文版)','PR124',NULL,'165',NULL,'编程类',1),(166,'/img/book/PR125.jpg','JavaScript DOM编程艺术','PR125',NULL,'166',NULL,'编程类',1),(167,'/img/book/PR125.jpg','JavaScript DOM编程艺术','PR125-1',NULL,'167',NULL,'编程类',1),(168,'/img/book/PR126.jpg','图解CSS3：核心技术与案例实战','PR126',NULL,'168',NULL,'编程类',1),(169,'/img/book/PR127.jpg','Python自动化运维：技术与最佳实践','PR127',NULL,'169',NULL,'编程类',1),(170,'/img/book/PR128.jpg','OBJECTIVE-C编程（第2版）','PR128',NULL,'170',NULL,'编程类',1),(171,'/img/book/PR129.jpg','数据结构与算法 Javascript描述','PR129',NULL,'171',NULL,'编程类',1),(172,'/img/book/PR130.jpg','数学天书中的证明','PR130',NULL,'172',NULL,'编程类',1),(173,'/img/book/PR131.jpg','JavaScript面向对象精要','PR131',NULL,'173',NULL,'编程类',1),(174,'/img/book/PR131-1.jpg','C和指针','PR131-1',NULL,'174',NULL,'编程类',1),(175,'/img/book/PR131-2.jpg','C和指针','PR131-2',NULL,'175',NULL,'编程类',1),(176,'/img/book/PR133-1.jpg','Three.js开发指南','PR133-1',NULL,'176',NULL,'编程类',1),(177,'/img/book/PR133-2.jpg','Three.js开发指南','PR133-2',NULL,'177',NULL,'编程类',1),(178,'/img/book/PR134-1.jpg','白帽子讲Web安全','PR134-1',NULL,'178',NULL,'编程类',1),(179,'/img/book/PR134-2.jpg','白帽子讲Web安全','PR134-2',NULL,'179',NULL,'编程类',1),(180,'/img/book/PR135.jpg','前端函数式攻城指南','PR135',NULL,'180',NULL,'编程类',1),(181,'/img/book/PR136.jpg','C Primer Plus','PR136',NULL,'181',NULL,'编程类',1),(182,'/img/book/PR137-1.jpg','智能时代','PR137-1',NULL,'182',NULL,'编程类',1),(183,'/img/book/PR137-2.jpg','智能时代','PR137-2',NULL,'183',NULL,'编程类',1),(184,'/img/book/PR137-3.jpg','智能时代','PR137-3',NULL,'184',NULL,'编程类',1),(185,'/img/book/PR138-1.jpg','深入理解计算机系统','PR138-1',NULL,'185',NULL,'编程类',1),(186,'/img/book/PR138-2.jpg','深入理解计算机系统','PR138-2',NULL,'186',NULL,'编程类',1),(187,'/img/book/PR138-3.jpg','深入理解计算机系统','PR138-3',NULL,'187',NULL,'编程类',1),(188,'/img/book/PR139.jpg','高性能MySQL','PR139',NULL,'188',NULL,'编程类',1),(189,'/img/book/PR140.jpg','JavaScript编程艺术（第2版）','PR140',NULL,'189',NULL,'编程类',1),(190,'/img/book/PR141.jpg','C++primer plus（第六版）','PR141',NULL,'190',NULL,'编程类',1),(191,'/img/book/PR142.jpg','JavaScript 权威指南','PR142',NULL,'191',NULL,'编程类',1),(192,'/img/book/PR143-1.jpg','高性能网站建设进阶指南','PR143-1',NULL,'192',NULL,'编程类',1),(193,'/img/book/pr143-2.jpg','高性能网站建设指南','pr143-2',NULL,'193',NULL,'编程类',1),(194,'/img/book/PR144.jpg','算法基础','PR144',NULL,'194',NULL,'编程类',1),(195,'/img/book/PR145.jpg','响应式Web设计实践','PR145',NULL,'195',NULL,'编程类',1),(196,'/img/book/PR146.jpg','ECMAScript6入门','PR146',NULL,'196',NULL,'编程类',1),(197,'/img/book/PR147.jpg','ios编程','PR147',NULL,'197',NULL,'编程类',1),(198,'/img/book/PR148.jpg','JavaScript权威指南','PR148',NULL,'198',NULL,'编程类',1),(199,'/img/book/PR149.jpg','Python基础教程','PR149',NULL,'199',NULL,'编程类',1),(200,'/img/book/PR150.jpg','PHP和MySQL程序设计','PR150',NULL,'200',NULL,'编程类',1),(201,'/img/book/PR151-1.jpg','深入了解ES6','PR151-1',NULL,'201',NULL,'编程类',1),(202,'/img/book/PR151-3.jpg','深入了解ES6','PR151-3',NULL,'202',NULL,'编程类',1),(203,'/img/book/PR151-4.jpg','深入了解ES6','PR151-4',NULL,'203',NULL,'编程类',1),(204,'/img/book/PR151-2.jpg','深入了解ES6','PR151-2',NULL,'204',NULL,'编程类',1),(205,'/img/book/PR151-5.jpg','深入了解ES6','PR151-5',NULL,'205',NULL,'编程类',1),(206,'/img/book/PR152.jpg','HTML5+JavaScript','PR152',NULL,'206',NULL,'编程类',1),(207,'/img/book/PR153.jpg','HTML5移动游戏开发高级编程','PR153',NULL,'207',NULL,'编程类',1),(208,'/img/book/PR154.jpg','数字图像处理','PR154',NULL,'208',NULL,'编程类',1),(209,'/img/book/PR155-1.jpg','Effective Modern C++','PR155-1',NULL,'209',NULL,'编程类',1),(210,'/img/book/PR155-2.jpg','Effective Modern C++','PR155-2',NULL,'210',NULL,'编程类',1),(211,'/img/book/PR156-1.jpg','UNXI编程环境','PR156-1',NULL,'211',NULL,'编程类',1),(212,'/img/book/PR156-2.jpg','UNXI编程环境','PR156-2',NULL,'212',NULL,'编程类',1),(213,'/img/book/PR156-1.jpg','ES6标准入门','PR156-1-1',NULL,'213',NULL,'编程类',1),(214,'/img/book/PR156-2.jpg','ES6标准入门','PR156-2-1',NULL,'214',NULL,'编程类',1),(215,'/img/book/PR156-1.jpg','Ruby元编程（第二版）','PR156-1-2',NULL,'215',NULL,'编程类',1),(216,'/img/book/PR157-1.jpg','第一行代码Android（第二版）','PR157-1',NULL,'216',NULL,'编程类',1),(217,'/img/book/PR157-2.jpg','第一行代码Android（第二版）','PR157-2',NULL,'217',NULL,'编程类',1),(218,'/img/book/PR158-1.jpg','UNIX编程艺术','PR158-1',NULL,'218',NULL,'编程类',1),(219,'/img/book/PR158-2.jpg','UNIX编程艺术','PR158-2',NULL,'219',NULL,'编程类',1),(220,'/img/book/PR159-1.jpg','解惑SDN','PR159-1',NULL,'220',NULL,'编程类',1),(221,'/img/book/PR159-2.jpg','解惑SDN','PR159-2',NULL,'221',NULL,'编程类',1),(222,'/img/book/PR160.jpg','代码大全（第二版）','PR160',NULL,'222',NULL,'编程类',1),(223,'/img/book/PR161-1.jpg','软件定义存储','PR161-1',NULL,'223',NULL,'编程类',1),(224,'/img/book/PR161-2.jpg','软件定义存储','PR161-2',NULL,'224',NULL,'编程类',1),(225,'/img/book/PR162-1.jpg','Node.js微服务','PR162-1',NULL,'225',NULL,'编程类',1),(226,'/img/book/PR162-2.jpg','Node.js微服务','PR162-2',NULL,'226',NULL,'编程类',1),(227,'/img/book/PR163-1.jpg','设计模式','PR163-1',NULL,'227',NULL,'编程类',1),(228,'/img/book/PR163-2.jpg','设计模式','PR163-2',NULL,'228',NULL,'编程类',1),(229,'/img/book/PR163-3.jpg','设计模式','PR163-3',NULL,'229',NULL,'编程类',1),(230,'/img/book/PR164.jpg','数据结构与算法 Python描述','PR164',NULL,'230',NULL,'编程类',1),(231,'/img/book/PR165-1.jpg','react快速入门','PR165-1',NULL,'231',NULL,'编程类',1),(232,'/img/book/PR165-2.jpg','react快速入门','PR165-2',NULL,'232',NULL,'编程类',1),(233,'/img/book/PR166.jpg','Ruby基础教程（第五版）','PR166',NULL,'233',NULL,'编程类',1),(234,'/img/book/PR167.jpg','机器学习','PR167',NULL,'234',NULL,'编程类',1),(235,'/img/book/PR168.jpg','JavaScript高级程序设计（第三版）','PR168',NULL,'235',NULL,'编程类',1),(236,'/img/book/PR169.jpg','C++primer(第五版)','PR169',NULL,'236',NULL,'编程类',1),(237,'/img/book/PR170.jpg','Python入门经典','PR170',NULL,'237',NULL,'编程类',1),(238,'/img/book/PR171.jpg','C#入门经典（第七版）','PR171',NULL,'238',NULL,'编程类',1),(239,'/img/book/PR172.jpg','编程珠玑（第二版）','PR172',NULL,'239',NULL,'编程类',1),(240,'/img/book/PR173.jpg','深入浅出node.js','PR173',NULL,'240',NULL,'编程类',1),(241,'/img/book/PR174.jpg','Effective Java','PR174',NULL,'241',NULL,'编程类',1),(242,'/img/book/PR175.jpg','Java语言程序设计（进阶篇）','PR175',NULL,'242',NULL,'编程类',1),(243,'/img/book/PR176.jpg','Ruby原理剖析','PR176',NULL,'243',NULL,'编程类',1),(244,'/img/book/PR177.jpg','Ruby程序员修炼之道','PR177',NULL,'244',NULL,'编程类',1),(245,'/img/book/PR178-1.jpg','Java语言程序设计（基础篇）','PR178-1',NULL,'245',NULL,'编程类',1),(246,'/img/book/PR178-2.jpg','Java语言程序设计（基础篇）','PR178-2',NULL,'246',NULL,'编程类',1),(247,'/img/book/PR179.jpg','Python编程（上册）','PR179',NULL,'247',NULL,'编程类',1),(248,'/img/book/PR180.jpg','Python编程（下册）','PR180',NULL,'248',NULL,'编程类',1),(249,'/img/book/PR181.jpg','Python编程快速上手','PR181',NULL,'249',NULL,'编程类',1),(250,'/img/book/PR182.jpg','GO程序设计语言','PR182',NULL,'250',NULL,'编程类',1),(251,'/img/book/PR183.jpg','Haskell函数式程序设计','PR183',NULL,'251',NULL,'编程类',1),(252,'/img/book/PR184-1.jpg','JavaScript框架设计（第二版）','PR184-1',NULL,'252',NULL,'编程类',1),(253,'/img/book/PR184-2.jpg','JavaScript框架设计（第二版）','PR184-2',NULL,'253',NULL,'编程类',1),(254,'/img/book/PR184-3.jpg','JavaScript框架设计（第二版）','PR184-3',NULL,'254',NULL,'编程类',1),(255,'/img/book/PR185-1.jpg','大话数据结构','PR185-1',NULL,'255',NULL,'编程类',1),(256,'/img/book/PR185-2.jpg','大话数据结构','PR185-2',NULL,'256',NULL,'编程类',1),(257,'/img/book/PR186-1.jpg','C primer plus 第六版 中文版','PR186-1',NULL,'257',NULL,'编程类',1),(258,'/img/book/PR186-2.jpg','C primer plus 第六版 中文版','PR186-2',NULL,'258',NULL,'编程类',1),(259,'/img/book/PR188-1.jpg','大话数据结构','PR188-1',NULL,'259',NULL,'编程类',1),(260,'/img/book/PR188-2.jpg','大话数据结构','PR188-2',NULL,'260',NULL,'编程类',1),(261,'/img/book/PR189.jpg','大数据挖掘：系统方法与实例分析','PR189',NULL,'261',NULL,'编程类',1),(262,'/img/book/PR190.jpg','大数据于机器学习：实践方法与行业案例','PR190',NULL,'262',NULL,'编程类',1),(263,'/img/book/PR191.jpg','图解深度学习与神经网络：从张量到TensorFlow实现','PR191',NULL,'263',NULL,'编程类',1),(264,'/img/book/DS001.jpg','佐藤可士和的超整理术','DS001',NULL,'264',NULL,'设计类',1),(265,'/img/book/DS29.jpg','佐藤可士和的超整理术','DS29',NULL,'265',NULL,'设计类',1),(266,'/img/book/DS002.jpg','美国视觉传达完全教程','DS002',NULL,'266',NULL,'设计类',1),(267,'/img/book/DS003.jpg','设计心理学（唐纳德·A·诺曼）','DS003',NULL,'267',NULL,'设计类',1),(268,'/img/book/DS004.jpg','设计心理学（唐纳德·A·诺曼）','DS004',NULL,'268',NULL,'设计类',1),(269,'/img/book/DS044.jpg','设计心理学（唐纳德·A·诺曼）','DS044',NULL,'269',NULL,'设计类',1),(270,'/img/book/DS045.jpg','设计心理学（唐纳德·A·诺曼）','DS045',NULL,'270',NULL,'设计类',1),(271,'/img/book/DS005.jpg','超越平凡的平面设计：怎样做好（John Mcmade）','DS005',NULL,'271',NULL,'设计类',1),(272,'/img/book/DS006.jpg','超越平凡的平面设计：怎样做好（John Mcmade）','DS006',NULL,'272',NULL,'设计类',1),(273,'/img/book/DS007.jpg','平面设计材料表现与特殊效果（凯瑟琳·费希尔）','DS007',NULL,'273',NULL,'设计类',1),(274,'/img/book/DS046.jpg','平面设计材料表现与特殊效果（凯瑟琳·费希尔）','DS046',NULL,'274',NULL,'设计类',1),(275,'/img/book/DS047.jpg','平面设计材料表现与特殊效果（凯瑟琳·费希尔）','DS047',NULL,'275',NULL,'设计类',1),(276,'/img/book/DS008.jpg','贝蒂的色彩（贝蒂·文德华）','DS008',NULL,'276',NULL,'设计类',1),(277,'/img/book/DS009.jpg','贝蒂的色彩（贝蒂·文德华）','DS009',NULL,'277',NULL,'设计类',1),(278,'/img/book/DS010.jpg','红色范思哲 灰色阿玛尼（崔京源）','DS010',NULL,'278',NULL,'设计类',1),(279,'/img/book/DS011.jpg','红色范思哲 灰色阿玛尼（崔京源）','DS011',NULL,'279',NULL,'设计类',1),(280,'/img/book/DS012.jpg','网站美术特效必学PhotoImpact','DS012',NULL,'280',NULL,'设计类',1),(281,'/img/book/DS013.jpg','Web Color Design-设计师谈网页配色','DS013',NULL,'281',NULL,'设计类',1),(282,'/img/book/DS014.jpg','配色设计原理（奥博斯科编辑部）','DS014',NULL,'282',NULL,'设计类',1),(283,'/img/book/DS016.jpg','配色设计原理（奥博斯科编辑部）','DS016',NULL,'283',NULL,'设计类',1),(284,'/img/book/DS015.jpg','设计的觉醒（田中一兴）','DS015',NULL,'284',NULL,'设计类',1),(285,'/img/book/DS28.jpg','设计的觉醒（田中一兴）','DS28',NULL,'285',NULL,'设计类',1),(286,'/img/book/DS017.jpg','写给大家看的设计书：实例与创意','DS017',NULL,'286',NULL,'设计类',1),(287,'/img/book/DS018.jpg','写给大家看的设计书：实例与创意','DS018',NULL,'287',NULL,'设计类',1),(288,'/img/book/DS019.jpg','每天懂一点色彩心理学（原田玲仁）','DS019',NULL,'288',NULL,'设计类',1),(289,'/img/book/DS051.jpg','每天懂一点色彩心理学（原田玲仁）','DS051',NULL,'289',NULL,'设计类',1),(290,'/img/book/DS020.jpg','设计原本（Frederick P.Brooks,Jr.）','DS020',NULL,'290',NULL,'设计类',1),(291,'/img/book/DS021.jpg','电脑印前技术完全手册（凌懿 张苏）','DS021',NULL,'291',NULL,'设计类',1),(292,'/img/book/DS022.jpg','电脑印前技术完全手册（凌懿 张苏）','DS022',NULL,'292',NULL,'设计类',1),(293,'/img/book/DS023.jpg','电脑印前技术完全手册（凌懿 张苏）','DS023',NULL,'293',NULL,'设计类',1),(294,'/img/book/DS024.jpg','外国美术史','DS024',NULL,'294',NULL,'设计类',1),(295,'/img/book/DS025.jpg','外国美术史','DS025',NULL,'295',NULL,'设计类',1),(296,'/img/book/DS026.jpg','设计中的设计','DS026',NULL,'296',NULL,'设计类',1),(297,'/img/book/DS027.jpg','设计中的设计','DS027',NULL,'297',NULL,'设计类',1),(298,'/img/book/DS030.jpg','后现代主义美术','DS030',NULL,'298',NULL,'设计类',1),(299,'/img/book/DS031.jpg','后现代主义美术','DS031',NULL,'299',NULL,'设计类',1),(300,'/img/book/DS032.jpg','西方现代艺术史','DS032',NULL,'300',NULL,'设计类',1),(301,'/img/book/DS033.jpg','西方现代艺术史','DS033',NULL,'301',NULL,'设计类',1),(302,'/img/book/DS034.jpg','史蒂夫·乔布斯传','DS034',NULL,'302',NULL,'设计类',1),(303,'/img/book/DS035.jpg','史蒂夫·乔布斯传','DS035',NULL,'303',NULL,'设计类',1),(304,'/img/book/DS036.jpg','艺术的故事','DS036',NULL,'304',NULL,'设计类',1),(305,'/img/book/DS037.jpg','艺术的故事','DS037',NULL,'305',NULL,'设计类',1),(306,'/img/book/DS038.jpg','点石成金——访客至上的网页设计秘笈','DS038',NULL,'306',NULL,'设计类',1),(307,'/img/book/DS039.jpg','点石成金——访客至上的网页设计秘笈','DS039',NULL,'307',NULL,'设计类',1),(308,'/img/book/DS040.jpg','美国广告设计使用教程','DS040',NULL,'308',NULL,'设计类',1),(309,'/img/book/DS041.jpg','美国广告设计使用教程','DS041',NULL,'309',NULL,'设计类',1),(310,'/img/book/DS042.jpg','产品的诞生','DS042',NULL,'310',NULL,'设计类',1),(311,'/img/book/DS043.jpg','产品的诞生','DS043',NULL,'311',NULL,'设计类',1),(312,'/img/book/DS048.jpg','给大家看的设计书','DS048',NULL,'312',NULL,'设计类',1),(313,'/img/book/DS049.jpg','给大家看的设计书','DS049',NULL,'313',NULL,'设计类',1),(314,'/img/book/DS050.jpg','汉字创意设计','DS050',NULL,'314',NULL,'设计类',1),(315,'/img/book/DS052.jpg','产品的诞生，从概念到生产经典产品50例','DS052',NULL,'315',NULL,'设计类',1),(316,'/img/book/DS053.jpg','像设计师那样思考','DS053',NULL,'316',NULL,'设计类',1),(317,'/img/book/DS054.jpg','说服力-让你的PPT会说话','DS054',NULL,'317',NULL,'设计类',1),(318,'/img/book/DS069.jpg','说服力-让你的PPT会说话','DS069',NULL,'318',NULL,'设计类',1),(319,'/img/book/DS070.jpg','说服力-让你的PPT会说话','DS070',NULL,'319',NULL,'设计类',1),(320,'/img/book/DS055.jpg','写给大家看的设计书：photoshop图像处理','DS055',NULL,'320',NULL,'设计类',1),(321,'/img/book/DS056.jpg','写给大家看的设计书：photoshop图像处理','DS056',NULL,'321',NULL,'设计类',1),(322,'/img/book/DS057.jpg','写给大家看的Web设计书','DS057',NULL,'322',NULL,'设计类',1),(323,'/img/book/DS058.jpg','写给大家看的Web设计书','DS058',NULL,'323',NULL,'设计类',1),(324,'/img/book/DS059.jpg','好设计','DS059',NULL,'324',NULL,'设计类',1),(325,'/img/book/DS060.jpg','google','DS060',NULL,'325',NULL,'设计类',1),(326,'/img/book/DS061.jpg','UCD火花集2:有效的互联网产品设计 交互/信息设计 用户研究讨论','DS061',NULL,'326',NULL,'设计类',1),(327,'/img/book/DS062.jpg','UCD火花集2:有效的互联网产品设计 交互/信息设计 用户研究讨论','DS062',NULL,'327',NULL,'设计类',1),(328,'/img/book/DS063.jpg','UCD火花集2:有效的互联网产品设计 交互/信息设计 用户研究讨论','DS063',NULL,'328',NULL,'设计类',1),(329,'/img/book/DS064.jpg','UCD火花集2:有效的互联网产品设计 交互/信息设计 用户研究讨论','DS064',NULL,'329',NULL,'设计类',1),(330,'/img/book/DS065.jpg','UI进化论:移动设备人机交互界面设计(附DVD-ROM光盘1张)','DS065',NULL,'330',NULL,'设计类',1),(331,'/img/book/DS066.jpg','UI进化论:移动设备人机交互界面设计(附DVD-ROM光盘1张)','DS066',NULL,'331',NULL,'设计类',1),(332,'/img/book/DS067.jpg','UI进化论:移动设备人机交互界面设计(附DVD-ROM光盘1张)','DS067',NULL,'332',NULL,'设计类',1),(333,'/img/book/DS068.jpg','UI进化论:移动设备人机交互界面设计(附DVD-ROM光盘1张)','DS068',NULL,'333',NULL,'设计类',1),(334,'/img/book/DS071.jpg','你早该这么玩Excel','DS071',NULL,'334',NULL,'设计类',1),(335,'/img/book/DS072.jpg','你早该这么玩Excel','DS072',NULL,'335',NULL,'设计类',1),(336,'/img/book/DS073.jpg','你早该这么玩Excel 2','DS073',NULL,'336',NULL,'设计类',1),(337,'/img/book/DS074.jpg','你早该这么玩Excel 2','DS074',NULL,'337',NULL,'设计类',1),(338,'/img/book/DS075.jpg','别告诉我你懂PPT','DS075',NULL,'338',NULL,'设计类',1),(339,'/img/book/DS076.jpg','别告诉我你懂PPT','DS076',NULL,'339',NULL,'设计类',1),(340,'/img/book/DS077.jpg','众妙之门——网站UI设计之道（修订版）','DS077',NULL,'340',NULL,'设计类',1),(341,'/img/book/DS078.jpg','众妙之门——网站UI设计之道（修订版）','DS078',NULL,'341',NULL,'设计类',1),(342,'/img/book/DS093.jpg','众妙之门——移动交互体验设计','DS093',NULL,'342',NULL,'设计类',1),(343,'/img/book/DS094.jpg','众妙之门——移动交互体验设计','DS094',NULL,'343',NULL,'设计类',1),(344,'/img/book/DS079.jpg','认知与设计——理解UI设计准则','DS079',NULL,'344',NULL,'设计类',1),(345,'/img/book/DS080.jpg','认知与设计——理解UI设计准则','DS080',NULL,'345',NULL,'设计类',1),(346,'/img/book/DS081.jpg','VI设计教程','DS081',NULL,'346',NULL,'设计类',1),(347,'/img/book/DS082.jpg','VI设计教程','DS082',NULL,'347',NULL,'设计类',1),(348,'/img/book/DS083.jpg','字体故事——西方字体的美丽传奇','DS083',NULL,'348',NULL,'设计类',1),(349,'/img/book/DS084.jpg','字体故事——西方字体的美丽传奇','DS084',NULL,'349',NULL,'设计类',1),(350,'/img/book/DS085.jpg','Helvetica forever——字体传奇','DS085',NULL,'350',NULL,'设计类',1),(351,'/img/book/DS086.jpg','Helvetica forever——字体传奇','DS086',NULL,'351',NULL,'设计类',1),(352,'/img/book/DS087.jpg','设计之下——搜狐新闻客户端的用户体验设计','DS087',NULL,'352',NULL,'设计类',1),(353,'/img/book/DS088.jpg','设计之下——搜狐新闻客户端的用户体验设计','DS088',NULL,'353',NULL,'设计类',1),(354,'/img/book/DS089.jpg','主动的UI设计师','DS089',NULL,'354',NULL,'设计类',1),(355,'/img/book/DS090.jpg','主动的UI设计师','DS090',NULL,'355',NULL,'设计类',1),(356,'/img/book/DS091.jpg','移动设计','DS091',NULL,'356',NULL,'设计类',1),(357,'/img/book/DS092.jpg','移动设计','DS092',NULL,'357',NULL,'设计类',1),(358,'/img/book/DS095.jpg','破茧成蝶：用户体验设计师的成长之路','DS095',NULL,'358',NULL,'设计类',1),(359,'/img/book/DS096.jpg','破茧成蝶：用户体验设计师的成长之路','DS096',NULL,'359',NULL,'设计类',1),(360,'/img/book/DS63.jpg','移动应用UI设计模式','DS63',NULL,'360',NULL,'设计类',1),(361,'/img/book/DS64.jpg','移动应用UI设计模式','DS64',NULL,'361',NULL,'设计类',1),(362,'/img/book/DS66.jpg','移动应用UI设计模式','DS66',NULL,'362',NULL,'设计类',1),(363,'/img/book/DS048.jpg','台湾设计力','DS048-1',NULL,'363',NULL,'设计类',1),(364,'/img/book/DS049.jpg','中国首届八大山人杯文学艺术大奖赛作品集','DS049-1',NULL,'364',NULL,'设计类',1),(365,'/img/book/DS050.jpg','设计的原则：有所为有所不为','DS050-1',NULL,'365',NULL,'设计类',1),(366,'/img/book/DS051.jpg','新锐设计师','DS051-1',NULL,'366',NULL,'设计类',1),(367,'/img/book/DS052.jpg','文字的力与美','DS052-1',NULL,'367',NULL,'设计类',1),(368,'/img/book/DS053.jpg','自由字在','DS053-1',NULL,'368',NULL,'设计类',1),(369,'/img/book/DS054.jpg','造型的诞生','DS054-1',NULL,'369',NULL,'设计类',1),(370,'/img/book/DS055.jpg','零ZERRO：世界符号大全','DS055-1',NULL,'370',NULL,'设计类',1),(371,'/img/book/DS056.jpg','版式设计就这么简单（全彩）','DS056-1',NULL,'371',NULL,'设计类',1),(372,'/img/book/DS057.jpg','超越平凡的平面设计：版式设计原理与应用','DS057-1',NULL,'372',NULL,'设计类',1),(373,'/img/book/DS058.jpg','超越平凡的平面设计：怎样做好版式（第1卷）','DS058-1',NULL,'373',NULL,'设计类',1),(374,'/img/book/DS059.jpg','超越平凡的平面设计：怎样做好版式（第2卷）','DS059-1',NULL,'374',NULL,'设计类',1),(375,'/img/book/DS060.jpg','设计师的设计日记','DS060-1',NULL,'375',NULL,'设计类',1),(376,'/img/book/DS061.jpg','西文字体1','DS061-1',NULL,'376',NULL,'设计类',1),(377,'/img/book/DS062.jpg','西文字体2','DS062-1',NULL,'377',NULL,'设计类',1),(378,'/img/book/DS063.jpg','众妙之门：移动交互体验设计','DS063-1',NULL,'378',NULL,'设计类',1),(379,'/img/book/DS063.jpg','体验度','DS063-2',NULL,'379',NULL,'设计类',1),(380,'/img/book/DS064.jpg','如何看一幅画','DS064-1',NULL,'380',NULL,'设计类',1),(381,'/img/book/DS065.jpg','如何看一幅画','DS065-1',NULL,'381',NULL,'设计类',1),(382,'/img/book/DS064.jpg','专业色彩搭配 设计师必备宝典','DS064-2',NULL,'382',NULL,'设计类',1),(383,'/img/book/DS065.jpg','超越LOGO设计','DS065-2',NULL,'383',NULL,'设计类',1),(384,'/img/book/DS065.jpg','About Face 4 交互设计精髓','DS065-3',NULL,'384',NULL,'设计类',1),(385,'/img/book/DS065-1.jpg','About Face 5 交互设计精髓','DS065-1-1',NULL,'385',NULL,'设计类',1),(386,'/img/book/DS066.jpg','梁景红谈 色彩设计法则','DS066-1',NULL,'386',NULL,'设计类',1),(387,'/img/book/DS067.jpg','术与道 移动应用UI设计必修课','DS067-1',NULL,'387',NULL,'设计类',1),(388,'/img/book/DS068.jpg','设计师的自我修养','DS068-1',NULL,'388',NULL,'设计类',1),(389,'/img/book/DS069.jpg','妙手回春 网站可用性测试及优化指南','DS069-1',NULL,'389',NULL,'设计类',1),(390,'/img/book/DS070.jpg','移动交互设计精髓','DS070-1',NULL,'390',NULL,'设计类',1),(391,'/img/book/DS071.jpg','腾讯网UED体验设计之旅','DS071-1',NULL,'391',NULL,'设计类',1),(392,'/img/book/DS072.jpg','配色设计速查模板','DS072-1',NULL,'392',NULL,'设计类',1),(393,'/img/book/DS073.jpg','画卷：InDesignCS5从入门到精通','DS073-1',NULL,'393',NULL,'设计类',1),(394,'/img/book/DS074.jpg','Photoshop CS5中文版案例教程','DS074-1',NULL,'394',NULL,'设计类',1),(395,'/img/book/DS075.jpg','VISIO2010图形设计','DS075-1',NULL,'395',NULL,'设计类',1),(396,'/img/book/DS076.jpg','Axure RP7','DS076-1',NULL,'396',NULL,'设计类',1),(397,'/img/book/DS077-1.jpg','视界无界：写给UI设计师的设计书','DS077-1',NULL,'397',NULL,'设计类',1),(398,'/img/book/DS077-2.jpg','视界无界：写给UI设计师的设计书','DS077-2',NULL,'398',NULL,'设计类',1),(399,'/img/book/DS078.jpg','HTML5与CSS3设计模式[Pro HTML5 and CSS3 Design Patterns]','DS078-1',NULL,'399',NULL,'设计类',1),(400,'/img/book/DS079.jpg','CSS揭秘','DS079-1',NULL,'400',NULL,'设计类',1),(401,'/img/book/DS080.jpg','破茧成蝶：用户体验设计师的成长之路','DS080-1',NULL,'401',NULL,'设计类',1),(402,'/img/book/DS081.jpg','在你身边，为你设计：腾讯的用户体验设计之道（全彩）','DS081-1',NULL,'402',NULL,'设计类',1),(403,'/img/book/DS082.jpg','体验·度：简单可依赖的用户体验','DS082-1',NULL,'403',NULL,'设计类',1),(404,'/img/book/DS083.jpg','UCD火花集/有效的互联网产品设计 交互/信息设计','DS083-1',NULL,'404',NULL,'设计类',1),(405,'/img/book/DS084.jpg','用户体验要素：以用户为中心的产品设计（原书第2版）','DS084-1',NULL,'405',NULL,'设计类',1),(406,'/img/book/DS084.jpg','用户体验要素：以用户为中心的产品设计（原书第2版）','DS084-2',NULL,'406',NULL,'设计类',1),(407,'/img/book/DS085.jpg','人人都是产品经理（纪念版）','DS085-1',NULL,'407',NULL,'设计类',1),(408,'/img/book/DS086.jpg','点石成金：访客至上的Web和移动可用性设计秘笈（原书第3版）','DS086-1',NULL,'408',NULL,'设计类',1),(409,'/img/book/DS087.jpg','U一点 料：阿里巴巴1688UED体验设计践行之路','DS087-1',NULL,'409',NULL,'设计类',1),(410,'/img/book/DS088.jpg','界面设计模式（第2版）','DS088-1',NULL,'410',NULL,'设计类',1),(411,'/img/book/DS089.jpg','当用户体验设计遇上敏捷','DS089-1',NULL,'411',NULL,'设计类',1),(412,'/img/book/DS090.jpg','OPTICAL ILLUSIONS','DS090-1',NULL,'412',NULL,'设计类',1),(413,'/img/book/DS090.jpg','错视之美','DS090-2',NULL,'413',NULL,'设计类',1),(414,'/img/book/DS091.jpg','专业配色搭配色谱','DS091-1',NULL,'414',NULL,'设计类',1),(415,'/img/book/DS092.jpg','配色设计原理（奥博斯科编辑部）','DS092-1',NULL,'415',NULL,'设计类',1),(416,'/img/book/DS093.jpg','写给大家看的设计书','DS093-1',NULL,'416',NULL,'设计类',1),(417,'/img/book/DS094.jpg','对话日本设计','DS094-1',NULL,'417',NULL,'设计类',1),(418,'/img/book/DS095.jpg','工业产品设计','DS095-1',NULL,'418',NULL,'设计类',1),(419,'/img/book/DS096.jpg','国际产品手绘教程','DS096-1',NULL,'419',NULL,'设计类',1),(420,'/img/book/DS097.jpg','文字设计基础教程','DS097',NULL,'420',NULL,'设计类',1),(421,'/img/book/DS098.jpg','用户体验草图设计','DS098',NULL,'421',NULL,'设计类',1),(422,'/img/book/DS099.jpg','产品的视角','DS099',NULL,'422',NULL,'设计类',1),(423,'/img/book/DS100.jpg','绝密原型档案','DS100',NULL,'423',NULL,'设计类',1),(424,'/img/book/DS101.jpg','铅笔素描-从入门到精通','DS101',NULL,'424',NULL,'设计类',1),(425,'/img/book/DS102.jpg','国际经典交互设计教程','DS102',NULL,'425',NULL,'设计类',1),(426,'/img/book/DS103.jpg','设计方法与谋略','DS103',NULL,'426',NULL,'设计类',1),(427,'/img/book/DS104.jpg','交互设计沉思录','DS104',NULL,'427',NULL,'设计类',1),(428,'/img/book/DS105-1.jpg','素描的技巧','DS105-1',NULL,'428',NULL,'设计类',1),(429,'/img/book/DS105-2.jpg','素描的技巧','DS105-2',NULL,'429',NULL,'设计类',1),(430,'/img/book/DS106-1.jpg','Photoshop专业抠图技法','DS106-1',NULL,'430',NULL,'设计类',1),(431,'/img/book/DS106-2.jpg','Photoshop专业抠图技法','DS106-2',NULL,'431',NULL,'设计类',1),(432,'/img/book/DS106-3.jpg','Photoshop专业抠图技法','DS106-3',NULL,'432',NULL,'设计类',1),(433,'/img/book/DS106-4.jpg','Photoshop专业抠图技法','DS106-4',NULL,'433',NULL,'设计类',1),(434,'/img/book/DS107-1.jpg','Photoshop+lightroom摄影师必备后期处理技法','DS107-1',NULL,'434',NULL,'设计类',1),(435,'/img/book/DS107-2.jpg','Photoshop+lightroom摄影师必备后期处理技法','DS107-2',NULL,'435',NULL,'设计类',1),(436,'/img/book/DS108.jpg','用设计解决问题','DS108',NULL,'436',NULL,'设计类',1),(437,'/img/book/DS109.jpg','设计在人人设计的时代','DS109',NULL,'437',NULL,'设计类',1),(438,'/img/book/DS110.jpg','IDEO设计改变一切','DS110',NULL,'438',NULL,'设计类',1),(439,'/img/book/DS111-1.jpg','用户体验与可用性测试','DS111-1',NULL,'439',NULL,'设计类',1),(440,'/img/book/DS111-2.jpg','用户体验与可用性测试','DS111-2',NULL,'440',NULL,'设计类',1),(441,'/img/book/DS112.jpg','日式设计美学','DS112',NULL,'441',NULL,'设计类',1),(442,'/img/book/DS113-1.jpg','破茧成蝶：用户体验设计师的成长之路','DS113-1',NULL,'442',NULL,'设计类',1),(443,'/img/book/DS113-2.jpg','破茧成蝶：用户体验设计师的成长之路','DS113-2',NULL,'443',NULL,'设计类',1),(444,'/img/book/DS114-1.jpg','Photoshop核心应用5项修养','DS114-1',NULL,'444',NULL,'设计类',1),(445,'/img/book/DS114-2.jpg','Photoshop核心应用6项修养','DS114-2',NULL,'445',NULL,'设计类',1),(446,'/img/book/DS115-1.jpg','铅笔素描的乐趣','DS115-1',NULL,'446',NULL,'设计类',1),(447,'/img/book/DS115-2.jpg','铅笔素描的乐趣','DS115-2',NULL,'447',NULL,'设计类',1),(448,'/img/book/DS115-3.jpg','铅笔素描的乐趣','DS115-3',NULL,'448',NULL,'设计类',1),(449,'/img/book/DS116.jpg','不一样的UI设计师','DS116',NULL,'449',NULL,'设计类',1),(450,'/img/book/DS117.jpg','全能网页设计师精炼手册','DS117',NULL,'450',NULL,'设计类',1),(451,'/img/book/DS118.jpg','移动UI设计师快速上手指南','DS118',NULL,'451',NULL,'设计类',1),(452,'/img/book/DS119.jpg','平面设计中的网格系统','DS119',NULL,'452',NULL,'设计类',1),(453,'/img/book/DS120.jpg','破茧成蝶2：以产品为中心的设计革命','DS120',NULL,'453',NULL,'设计类',1),(454,'/img/book/DS121.jpg','人人都是产品经理2.0：写给泛产品经理','DS121',NULL,'454',NULL,'设计类',1),(455,'/img/book/DS122.jpg','消费者行为学','DS122',NULL,'455',NULL,'设计类',1),(456,'/img/book/DS123-1.jpg','设计心理学3：情感化设计','DS123-1',NULL,'456',NULL,'设计类',1),(457,'/img/book/DS123-2.jpg','设计心理学3：情感化设计','DS123-2',NULL,'457',NULL,'设计类',1),(458,'/img/book/DS124-1.jpg','创意黏合剂 日本设计大师水野学的创意养成训练','DS124-1',NULL,'458',NULL,'设计类',1),(459,'/img/book/DS124-2.jpg','创意黏合剂 日本设计大师水野学的创意养成训练','DS124-2',NULL,'459',NULL,'设计类',1),(460,'/img/book/DS125-1.jpg','灵感从何而来','DS125-1',NULL,'460',NULL,'设计类',1),(461,'/img/book/DS125-2.jpg','灵感从何而来','DS125-2',NULL,'461',NULL,'设计类',1),(462,'/img/book/DS126.jpg','以匠心，致设计：网易UEDC用户体验设计','DS126',NULL,'462',NULL,'设计类',1),(463,'/img/book/DS127.jpg','服务设计与创新实践','DS127',NULL,'463',NULL,'设计类',1),(464,'/img/book/DS128.jpg','破茧成蝶','DS128',NULL,'464',NULL,'设计类',1),(465,'/img/book/DS129.jpg','破茧成蝶2','DS129',NULL,'465',NULL,'设计类',1),(466,'/img/book/PG027.jpg','2011伯奇杯全国创意摄影大赛作品集','PG027',NULL,'466',NULL,'摄影类',1),(467,'/img/book/PG028.jpg','A·亚当斯论摄影','PG028',NULL,'467',NULL,'摄影类',1),(468,'/img/book/PG029.jpg','A·亚当斯论摄影','PG029',NULL,'468',NULL,'摄影类',1),(469,'/img/book/PG030.jpg','A·亚当斯论摄影','PG030',NULL,'469',NULL,'摄影类',1),(470,'/img/book/PG59.jpg','Lightroom5高手之道——数码摄影后期处理完全手册','PG59',NULL,'470',NULL,'摄影类',1),(471,'/img/book/PG60.jpg','Lightroom5高手之道——数码摄影后期处理完全手册','PG60',NULL,'471',NULL,'摄影类',1),(472,'/img/book/PG61.jpg','Lightroom5高手之道——数码摄影后期处理完全手册','PG61',NULL,'472',NULL,'摄影类',1),(473,'/img/book/PG62.jpg','Lightroom5高手之道——数码摄影后期处理完全手册','PG62',NULL,'473',NULL,'摄影类',1),(474,'/img/book/PG63.jpg','Lightroom5高手之道——数码摄影后期处理完全手册','PG63',NULL,'474',NULL,'摄影类',1),(475,'/img/book/PG64.jpg','Lightroom5高手之道——数码摄影后期处理完全手册','PG64',NULL,'475',NULL,'摄影类',1),(476,'/img/book/PG73.jpg','安塞尔亚当斯传世佳作400','PG73',NULL,'476',NULL,'摄影类',1),(477,'/img/book/PG033.jpg','顶级摄影器材(传统卷)','PG033',NULL,'477',NULL,'摄影类',1),(478,'/img/book/PG034.jpg','顶级摄影器材（传统卷）','PG034',NULL,'478',NULL,'摄影类',1),(479,'/img/book/PG037.jpg','顶级摄影器材（数码卷）','PG037',NULL,'479',NULL,'摄影类',1),(480,'/img/book/PG038.jpg','顶级摄影器材（数码卷）','PG038',NULL,'480',NULL,'摄影类',1),(481,'/img/book/PG010.jpg','风光自然摄影圣经(附中国分省旅游指南手册1本,视频教学光盘1张)','PG010',NULL,'481',NULL,'摄影类',1),(482,'/img/book/PG011.jpg','风光自然摄影圣经(附中国分省旅游指南手册1本,视频教学光盘1张)','PG011',NULL,'482',NULL,'摄影类',1),(483,'/img/book/PG001.jpg','风景摄影（罗布特·凯普托）','PG001',NULL,'483',NULL,'摄影类',1),(484,'/img/book/PG43.jpg','光的美学','PG43',NULL,'484',NULL,'摄影类',1),(485,'/img/book/PG44.jpg','光的美学','PG44',NULL,'485',NULL,'摄影类',1),(486,'/img/book/PG47.jpg','光的美学','PG47',NULL,'486',NULL,'摄影类',1),(487,'/img/book/PG48.jpg','光的美学','PG48',NULL,'487',NULL,'摄影类',1),(488,'/img/book/PG49.jpg','光的美学','PG49',NULL,'488',NULL,'摄影类',1),(489,'/img/book/PG69.jpg','光的美学','PG69',NULL,'489',NULL,'摄影类',1),(490,'/img/book/PG70.jpg','光的美学','PG70',NULL,'490',NULL,'摄影类',1),(491,'/img/book/PG031.jpg','佳能境界（第三版）','PG031',NULL,'491',NULL,'摄影类',1),(492,'/img/book/PG032.jpg','佳能境界（第三版）','PG032',NULL,'492',NULL,'摄影类',1),(493,'/img/book/PG035.jpg','经典尼康','PG035',NULL,'493',NULL,'摄影类',1),(494,'/img/book/PG036.jpg','经典尼康','PG036',NULL,'494',NULL,'摄影类',1),(495,'/img/book/PG019.jpg','论摄影','PG019',NULL,'495',NULL,'摄影类',1),(496,'/img/book/PG020.jpg','论摄影','PG020',NULL,'496',NULL,'摄影类',1),(497,'/img/book/PG006.jpg','美国纽约摄影学院摄影教材 上册','PG006',NULL,'497',NULL,'摄影类',1),(498,'/img/book/VGA.jpg','美国纽约摄影学院摄影教材 上册','VGA',NULL,'498',NULL,'摄影类',1),(499,'/img/book/PG026.jpg','美国纽约摄影学院摄影教材 上册','PG026',NULL,'499',NULL,'摄影类',1),(500,'/img/book/PG007.jpg','美国纽约摄影学院摄影教材 下册','PG007',NULL,'500',NULL,'摄影类',1),(501,'/img/book/PG014.jpg','美国纽约摄影学院摄影教材 下册','PG014',NULL,'501',NULL,'摄影类',1),(502,'/img/book/PG025.jpg','美国纽约摄影学院摄影教材 下册','PG025',NULL,'502',NULL,'摄影类',1),(503,'/img/book/PG004.jpg','美国数码摄影教程（第二版）','PG004',NULL,'503',NULL,'摄影类',1),(504,'/img/book/PG008.jpg','美国数码摄影教程（第二版）','PG008',NULL,'504',NULL,'摄影类',1),(505,'/img/book/PG009.jpg','美国数码摄影教程（第二版）','PG009',NULL,'505',NULL,'摄影类',1),(506,'/img/book/PG024.jpg','情系西湖-黄庆组摄影作品选集','PG024',NULL,'506',NULL,'摄影类',1),(507,'/img/book/PG005.jpg','人像写真摄影圣经（雷依里，梁灿）','PG005',NULL,'507',NULL,'摄影类',1),(508,'/img/book/PG012.jpg','人像写真摄影圣经（雷依里，梁灿）','PG012',NULL,'508',NULL,'摄影类',1),(509,'/img/book/PG41.jpg','上帝之眼——旅行者的摄影书','PG41',NULL,'509',NULL,'摄影类',1),(510,'/img/book/PG42.jpg','上帝之眼——旅行者的摄影书','PG42',NULL,'510',NULL,'摄影类',1),(511,'/img/book/PG67.jpg','上帝之眼——旅行者的摄影书','PG67',NULL,'511',NULL,'摄影类',1),(512,'/img/book/PG68.jpg','上帝之眼——旅行者的摄影书','PG68',NULL,'512',NULL,'摄影类',1),(513,'/img/book/PG52.jpg','摄影的骨头——高品质数码摄影流程','PG52',NULL,'513',NULL,'摄影类',1),(514,'/img/book/PG53.jpg','摄影的骨头——高品质数码摄影流程','PG53',NULL,'514',NULL,'摄影类',1),(515,'/img/book/PG54.jpg','摄影的骨头——高品质数码摄影流程','PG54',NULL,'515',NULL,'摄影类',1),(516,'/img/book/PG55.jpg','摄影的骨头——高品质数码摄影流程','PG55',NULL,'516',NULL,'摄影类',1),(517,'/img/book/PG56.jpg','摄影的骨头——高品质数码摄影流程','PG56',NULL,'517',NULL,'摄影类',1),(518,'/img/book/PG57.jpg','摄影的骨头——高品质数码摄影流程','PG57',NULL,'518',NULL,'摄影类',1),(519,'/img/book/PG58.jpg','摄影的骨头——高品质数码摄影流程','PG58',NULL,'519',NULL,'摄影类',1),(520,'/img/book/PG65.jpg','摄影的骨头——高品质数码摄影流程','PG65',NULL,'520',NULL,'摄影类',1),(521,'/img/book/PG66.jpg','摄影的骨头——高品质数码摄影流程','PG66',NULL,'521',NULL,'摄影类',1),(522,'/img/book/PG002.jpg','摄影构图圣经（德依里，卓鹏）','PG002',NULL,'522',NULL,'摄影类',1),(523,'/img/book/PG003.jpg','摄影构图圣经（德依里，卓鹏）','PG003',NULL,'523',NULL,'摄影类',1),(524,'/img/book/PG017.jpg','时光?吴家林摄影集','PG017',NULL,'524',NULL,'摄影类',1),(525,'/img/book/PG018.jpg','时光?吴家林摄影集','PG018',NULL,'525',NULL,'摄影类',1),(526,'/img/book/PG021.jpg','世界摄影史','PG021',NULL,'526',NULL,'摄影类',1),(527,'/img/book/PG022.jpg','世界摄影史','PG022',NULL,'527',NULL,'摄影类',1),(528,'/img/book/PG023.jpg','数码单反摄影','PG023',NULL,'528',NULL,'摄影类',1),(529,'/img/book/PG50.jpg','通往独立之路——摄影师生存手册','PG50',NULL,'529',NULL,'摄影类',1),(530,'/img/book/PG51.jpg','通往独立之路——摄影师生存手册','PG51',NULL,'530',NULL,'摄影类',1),(531,'/img/book/PG015.jpg','吴家林边地行走','PG015',NULL,'531',NULL,'摄影类',1),(532,'/img/book/PG016.jpg','吴家林边地行走','PG016',NULL,'532',NULL,'摄影类',1),(533,'/img/book/PG39.jpg','一本摄影书','PG39',NULL,'533',NULL,'摄影类',1),(534,'/img/book/PG40.jpg','一本摄影书','PG40',NULL,'534',NULL,'摄影类',1),(535,'/img/book/PG45.jpg','一本摄影书','PG45',NULL,'535',NULL,'摄影类',1),(536,'/img/book/PG46.jpg','一本摄影书','PG46',NULL,'536',NULL,'摄影类',1),(537,'/img/book/PG71.jpg','一本摄影书','PG71',NULL,'537',NULL,'摄影类',1),(538,'/img/book/PG72.jpg','一本摄影书','PG72',NULL,'538',NULL,'摄影类',1),(539,'/img/book/PG025-1.jpg','Adobe Audition CC经典教程','PG025-1',NULL,'539',NULL,'摄影类',1),(540,'/img/book/PG025-2.jpg','Adobe Audition CC经典教程','PG025-2',NULL,'540',NULL,'摄影类',1),(541,'/img/book/PG026-1.jpg','After Effects CS6 完全自学教程','PG026-1',NULL,'541',NULL,'摄影类',1),(542,'/img/book/PG026-2.jpg','After Effects CS6 完全自学教程','PG026-2',NULL,'542',NULL,'摄影类',1),(543,'/img/book/PG027-1.jpg','Audrey The 60s','PG027-1',NULL,'543',NULL,'摄影类',1),(544,'/img/book/PG027-2.jpg','Audrey The 60s','PG027-2',NULL,'544',NULL,'摄影类',1),(545,'/img/book/PG028-1.jpg','Maya&mental ray影视动画渲染','PG028-1',NULL,'545',NULL,'摄影类',1),(546,'/img/book/PG028-2.jpg','Maya&mental ray影视动画渲染','PG028-2',NULL,'546',NULL,'摄影类',1),(547,'/img/book/PG029-1.jpg','剪辑圣经','PG029-1',NULL,'547',NULL,'摄影类',1),(548,'/img/book/PG029-2.jpg','剪辑圣经','PG029-2',NULL,'548',NULL,'摄影类',1),(549,'/img/book/PG029-3.jpg','倾情捕捉-摄影创作的技术与艺术','PG029-3',NULL,'549',NULL,'摄影类',1),(550,'/img/book/PG029-4.jpg','摄影构图圣经','PG029-4',NULL,'550',NULL,'摄影类',1),(551,'/img/book/PG029-5.jpg','自然之美','PG029-5',NULL,'551',NULL,'摄影类',1),(552,'/img/book/PG029-6.jpg','上帝之眼2','PG029-6',NULL,'552',NULL,'摄影类',1),(553,'/img/book/PG029-7.jpg','LR数码摄影后期处理专业技法','PG029-7',NULL,'553',NULL,'摄影类',1),(554,'/img/book/PG029-8.jpg','野外鸟类摄影手册','PG029-8',NULL,'554',NULL,'摄影类',1),(555,'/img/book/PG029-9.jpg','野外鸟类摄影手册','PG029-9',NULL,'555',NULL,'摄影类',1),(556,'/img/book/PG029-10.jpg','数码摄影后期 高手之路','PG029-10',NULL,'556',NULL,'摄影类',1),(557,'/img/book/PG029-11.jpg','中国鸟类野外手册','PG029-11',NULL,'557',NULL,'摄影类',1),(558,'/img/book/PG029-12.jpg','超越平凡的摄影法则','PG029-12',NULL,'558',NULL,'摄影类',1),(559,'/img/book/PG029-12.jpg','超越平凡的摄影法则','PG029-12-1',NULL,'559',NULL,'摄影类',1),(560,'/img/book/PG029-15.jpg','拍出绝世佳作','PG029-15',NULL,'560',NULL,'摄影类',1),(561,'/img/book/PG029-13.jpg','拍出绝世佳作','PG029-13',NULL,'561',NULL,'摄影类',1),(562,'/img/book/PG029-14.jpg','拍出绝世美姿','PG029-14',NULL,'562',NULL,'摄影类',1),(563,'/img/book/PG030.jpg','镜头篇','PG030-1',NULL,'563',NULL,'摄影类',1),(564,'/img/book/PG031-1.jpg','摄影笔记','PG031-1',NULL,'564',NULL,'摄影类',1),(565,'/img/book/PG031-2.jpg','摄影笔记','PG031-2',NULL,'565',NULL,'摄影类',1),(566,'/img/book/PG031-3.jpg','摄影笔记','PG031-3',NULL,'566',NULL,'摄影类',1),(567,'/img/book/PG031-4.jpg','摄影笔记','PG031-4',NULL,'567',NULL,'摄影类',1),(568,'/img/book/PG032-1.jpg','摄影的艺术','PG032-1',NULL,'568',NULL,'摄影类',1),(569,'/img/book/PG032-2.jpg','摄影的艺术','PG032-2',NULL,'569',NULL,'摄影类',1),(570,'/img/book/PG033-1.jpg','摄影美学','PG033-1',NULL,'570',NULL,'摄影类',1),(571,'/img/book/PG033-2.jpg','摄影美学','PG033-2',NULL,'571',NULL,'摄影类',1),(572,'/img/book/PG033-3.jpg','摄影美学','PG033-3',NULL,'572',NULL,'摄影类',1),(573,'/img/book/PG034-1.jpg','中国香港及华南鸟类野外手册','PG034-1',NULL,'573',NULL,'摄影类',1),(574,'/img/book/PG034-2.jpg','中国香港及华南鸟类野外手册','PG034-2',NULL,'574',NULL,'摄影类',1),(575,'/img/book/PG034-3.jpg','中国香港及华南鸟类野外手册','PG034-3',NULL,'575',NULL,'摄影类',1),(576,'/img/book/PG035.jpg','从后期到后期','PG035-1',NULL,'576',NULL,'摄影类',1),(577,'/img/book/PG036.jpg','摄影笔记实战篇','PG036-1',NULL,'577',NULL,'摄影类',1),(578,'/img/book/PG037.jpg','摄影笔记（实战篇）','PG037-1',NULL,'578',NULL,'摄影类',1),(579,'/img/book/PG038.jpg','','PG038-1',NULL,'579',NULL,'摄影类',1),(580,'/img/book/NM021.jpg','CCNA学习指南（中文第六版）','NM021',NULL,'580',NULL,'网管类',1),(581,'/img/book/NM022.jpg','CCNA学习指南（中文第六版）','NM022',NULL,'581',NULL,'网管类',1),(582,'/img/book/NM023.jpg','CNNP SWITCH学习指南（642-813）','NM023',NULL,'582',NULL,'网管类',1),(583,'/img/book/NM024.jpg','CNNP SWITCH学习指南（642-902）','NM024',NULL,'583',NULL,'网管类',1),(584,'/img/book/NM035.jpg','Head First Python','NM035',NULL,'584',NULL,'网管类',1),(585,'/img/book/NM048.jpg','IT项目管理','NM048',NULL,'585',NULL,'网管类',1),(586,'/img/book/NM049.jpg','IT项目管理','NM049',NULL,'586',NULL,'网管类',1),(587,'/img/book/NM050.jpg','IT项目管理','NM050',NULL,'587',NULL,'网管类',1),(588,'/img/book/NM013.jpg','Pawer Builder 7.0入门','NM013',NULL,'588',NULL,'网管类',1),(589,'/img/book/NM002.jpg','Pseries 培训系列课程','NM002',NULL,'589',NULL,'网管类',1),(590,'/img/book/NM036.jpg','Python基础教程','NM036',NULL,'590',NULL,'网管类',1),(591,'/img/book/NM003.jpg','Red Hat Linux 宝典','NM003',NULL,'591',NULL,'网管类',1),(592,'/img/book/NM028.jpg','Red Hat Linux9 安装指南','NM028',NULL,'592',NULL,'网管类',1),(593,'/img/book/NM017.jpg','Server 2008 R2网络管理与架站','NM017',NULL,'593',NULL,'网管类',1),(594,'/img/book/NM018.jpg','Server 2008 R2网络管理与架站','NM018',NULL,'594',NULL,'网管类',1),(595,'/img/book/NM039.jpg','VMware vSphere 5虚拟数据中心构建指南','NM039',NULL,'595',NULL,'网管类',1),(596,'/img/book/NM031.jpg','Windows server2008R2','NM031',NULL,'596',NULL,'网管类',1),(597,'/img/book/NM004.jpg','大话存储 二','NM004',NULL,'597',NULL,'网管类',1),(598,'/img/book/NM005.jpg','大话存储 二','NM005',NULL,'598',NULL,'网管类',1),(599,'/img/book/NM032.jpg','电脑组装与维修从入门到精通（第三版）','NM032',NULL,'599',NULL,'网管类',1),(600,'/img/book/NM033.jpg','电脑组装与维修从入门到精通（第三版）','NM033',NULL,'600',NULL,'网管类',1),(601,'/img/book/NM034.jpg','电脑组装与维修从入门到精通（第三版）','NM034',NULL,'601',NULL,'网管类',1),(602,'/img/book/NM015-1.jpg','多信息融合（第二版）','NM015-1',NULL,'602',NULL,'网管类',1),(603,'/img/book/NM006.jpg','多信息融合（第二版）','NM006',NULL,'603',NULL,'网管类',1),(604,'/img/book/NM040.jpg','非常网管:网络管理从入门到精通(修订版)','NM040',NULL,'604',NULL,'网管类',1),(605,'/img/book/NM011.jpg','个人用网安全与黑客防范技术','NM011',NULL,'605',NULL,'网管类',1),(606,'/img/book/NM051.jpg','计算机的心智：操作系统之哲学原理','NM051',NULL,'606',NULL,'网管类',1),(607,'/img/book/NM052.jpg','计算机的心智：操作系统之哲学原理','NM052',NULL,'607',NULL,'网管类',1),(608,'/img/book/NM030.jpg','计算机网络（第三版）','NM030',NULL,'608',NULL,'网管类',1),(609,'/img/book/NM025.jpg','计算机网络（第四版）','NM025',NULL,'609',NULL,'网管类',1),(610,'/img/book/NM001.jpg','加密与解密','NM001',NULL,'610',NULL,'网管类',1),(611,'/img/book/NM044.jpg','降云--VMware vSphere 4 云操作系统搭建配置入门与实战','NM044',NULL,'611',NULL,'网管类',1),(612,'/img/book/NM008.jpg','局域网一点通','NM008',NULL,'612',NULL,'网管类',1),(613,'/img/book/NM045.jpg','漫画数据库','NM045',NULL,'613',NULL,'网管类',1),(614,'/img/book/NM046.jpg','漫画数据库','NM046',NULL,'614',NULL,'网管类',1),(615,'/img/book/NM047.jpg','漫画数据库','NM047',NULL,'615',NULL,'网管类',1),(616,'/img/book/NM015.jpg','鸟哥的Linux私房菜_基础学习篇（第三版）','NM015',NULL,'616',NULL,'网管类',1),(617,'/img/book/NM016.jpg','鸟哥的Linux私房菜_基础学习篇（第三版）','NM016',NULL,'617',NULL,'网管类',1),(618,'/img/book/NM027.jpg','思科网络技术学院 CCNA4广域网技术','NM027',NULL,'618',NULL,'网管类',1),(619,'/img/book/NM019.jpg','思科网络技术学院教程','NM019',NULL,'619',NULL,'网管类',1),(620,'/img/book/NM020.jpg','思科网络技术学院教程','NM020',NULL,'620',NULL,'网管类',1),(621,'/img/book/NM021.jpg','思科网络技术学院教程 CCNA Exploration 网络基础知识','NM021-1',NULL,'621',NULL,'网管类',1),(622,'/img/book/NM022.jpg','思科网络技术学院教程 CCNA Exploration 网络基础知识','NM022-1',NULL,'622',NULL,'网管类',1),(623,'/img/book/NM023.jpg','思科网络技术学院教程 CCNA Exploration 网络基础知识','NM023-1',NULL,'623',NULL,'网管类',1),(624,'/img/book/NM024.jpg','思科网络技术学院教程 CCNA2 路由器与路由基础','NM024-1',NULL,'624',NULL,'网管类',1),(625,'/img/book/NM025.jpg','网管经验谈','NM025-1',NULL,'625',NULL,'网管类',1),(626,'/img/book/NM026.jpg','网管自动化操作一条龙','NM026',NULL,'626',NULL,'网管类',1),(627,'/img/book/NM027.jpg','网络安全管理实践（第3版）','NM027-1',NULL,'627',NULL,'网管类',1),(628,'/img/book/NM028.jpg','网络故障现场处理实践（第3版）','NM028-1',NULL,'628',NULL,'网管类',1),(629,'/img/book/NM029.jpg','网络管理工具实用详解(第3版)','NM029',NULL,'629',NULL,'网管类',1),(630,'/img/book/NM030.jpg','网络硬件搭建与配置实践(第3版)','NM030-1',NULL,'630',NULL,'网管类',1),(631,'/img/book/NM031.jpg','微机原理与接口技术','NM031-1',NULL,'631',NULL,'网管类',1),(632,'/img/book/NM032.jpg','小型网络组建方案与实现','NM032-1',NULL,'632',NULL,'网管类',1),(633,'/img/book/NM033.jpg','新编计算机维护维修教程','NM033-1',NULL,'633',NULL,'网管类',1),(634,'/img/book/NM034.jpg','以太网技术：入门与实现','NM034-1',NULL,'634',NULL,'网管类',1),(635,'/img/book/NM036.jpg','思科网络技术学院教程 CCNA Exploration 路由协议和概念','NM036-1',NULL,'635',NULL,'网管类',1),(636,'/img/book/NM037.jpg','思科网络技术学院教程 CCNA Exploration 路由协议和概念','NM037',NULL,'636',NULL,'网管类',1),(637,'/img/book/NM038.jpg','思科网络技术学院教程 CCNA Exploration LAN交换和无线','NM038',NULL,'637',NULL,'网管类',1),(638,'/img/book/NM039.jpg','思科网络技术学院教程 CCNA Exploration LAN交换和无线','NM039-1',NULL,'638',NULL,'网管类',1),(639,'/img/book/NM040.jpg','思科网络技术学院教程 CCNA Exploration 接入WAN','NM040-1',NULL,'639',NULL,'网管类',1),(640,'/img/book/NM041.jpg','思科网络技术学院教程 CCNA Exploration 接入WAN','NM041',NULL,'640',NULL,'网管类',1),(641,'/img/book/NM043A-1.jpg','鸟叔的Linux私房菜：基础学习篇（第3版）','NM043A-1',NULL,'641',NULL,'网管类',1),(642,'/img/book/NM043A-2.jpg','鸟叔的Linux私房菜：基础学习篇（第3版）','NM043A-2',NULL,'642',NULL,'网管类',1),(643,'/img/book/NM044B-1.jpg','鸟叔的Linux私房菜：服务器架设篇（第3版）','NM044B-1',NULL,'643',NULL,'网管类',1),(644,'/img/book/NM044B-2.jpg','鸟叔的Linux私房菜：服务器架设篇（第3版）','NM044B-2',NULL,'644',NULL,'网管类',1),(645,'/img/book/NM045.jpg','电脑故障问答800例','NM045-1',NULL,'645',NULL,'网管类',1),(646,'/img/book/NM046.jpg','操作系统之哲学原理','NM046-1',NULL,'646',NULL,'网管类',1),(647,'/img/book/NM047-1.jpg','Wireshark网络分析就这么简单','NM047-1',NULL,'647',NULL,'网管类',1),(648,'/img/book/NM047-2.jpg','Wireshark网络分析就这么简单','NM047-2',NULL,'648',NULL,'网管类',1),(649,'/img/book/NM048-1.jpg','只是为了好玩 Linux之父林纳斯自传','NM048-1',NULL,'649',NULL,'网管类',1),(650,'/img/book/NM048-2.jpg','只是为了好玩 Linux之父林纳斯自传','NM048-2',NULL,'650',NULL,'网管类',1),(651,'/img/book/NM049-1.jpg','计算机科学导论','NM049-1',NULL,'651',NULL,'网管类',1),(652,'/img/book/NM049-2.jpg','计算机科学导论','NM049-2',NULL,'652',NULL,'网管类',1),(653,'/img/book/NM049-3.jpg','计算机科学导论','NM049-3',NULL,'653',NULL,'网管类',1),(654,'/img/book/NM049-4.jpg','计算机科学导论','NM049-4',NULL,'654',NULL,'网管类',1),(655,'/img/book/NM050.jpg','精通VMware vSphere 5.5','NM050-1',NULL,'655',NULL,'网管类',1),(656,'/img/book/NM050-2.jpg','','NM050-2',NULL,'656',NULL,'网管类',1),(657,'/img/book/NM051.jpg','网络运维与管理2015超值精华本','NM051-1',NULL,'657',NULL,'网管类',1),(658,'/img/book/NM052.jpg','Wireshark网络分析实战','NM052-1',NULL,'658',NULL,'网管类',1),(659,'/img/book/NM053.jpg','图解HTTP','NM053',NULL,'659',NULL,'网管类',1),(660,'/img/book/NM054.jpg','Linux KVM 虚拟化架构实战指南','NM054',NULL,'660',NULL,'网管类',1),(661,'/img/book/NM055.jpg','VMware VSphere6.0 虚拟化架构实战指南','NM055',NULL,'661',NULL,'网管类',1),(662,'/img/book/NM056.jpg','计算机网络原理实验教程','NM056',NULL,'662',NULL,'网管类',1),(663,'/img/book/NM057.jpg','计算机程序的构造和解释','NM057',NULL,'663',NULL,'网管类',1),(664,'/img/book/NM058.jpg','虚拟现实系统','NM058',NULL,'664',NULL,'网管类',1),(665,'/img/book/NM059.jpg','计算机网络信息安全理论和实践教程','NM059',NULL,'665',NULL,'网管类',1),(666,'/img/book/NM060.jpg','','NM060',NULL,'666',NULL,'网管类',1),(667,'/img/book/NM061-1.jpg','图解TCP/IP','NM061-1',NULL,'667',NULL,'网管类',1),(668,'/img/book/NM061-2.jpg','图解TCP/IP','NM061-2',NULL,'668',NULL,'网管类',1),(669,'/img/book/NM062.jpg','现代操作系统','NM062',NULL,'669',NULL,'网管类',1),(670,'/img/book/NM063.jpg','计算机网络-释疑与习题解答','NM063',NULL,'670',NULL,'网管类',1),(671,'/img/book/NM064.jpg','操作系统概念','NM064',NULL,'671',NULL,'网管类',1),(672,'/img/book/NM065-1.jpg','全国计算机等级考试三级教程——网络技术','NM065-1',NULL,'672',NULL,'网管类',1),(673,'/img/book/NM065-2.jpg','全国计算机等级考试三级教程——网络技术','NM065-2',NULL,'673',NULL,'网管类',1),(674,'/img/book/NM066.jpg','Windows server 2012 R2网络管理与建站','NM066',NULL,'674',NULL,'网管类',1),(675,'/img/book/NM067.jpg','计算机网络-自顶向下方法','NM067',NULL,'675',NULL,'网管类',1),(676,'/img/book/NM068.jpg','思科网络技术学院教程：路由器协议和概念','NM068',NULL,'676',NULL,'网管类',1),(677,'/img/book/NM069-1.jpg','你凭什么做好互联网','NM069-1',NULL,'677',NULL,'网管类',1),(678,'/img/book/NM069-2.jpg','你凭什么做好互联网','NM069-2',NULL,'678',NULL,'网管类',1),(679,'/img/book/NM070-1.jpg','鸟哥的Linux私房菜_基础学习篇（第三版）','NM070-1',NULL,'679',NULL,'网管类',1),(680,'/img/book/NM070-2.jpg','鸟哥的Linux私房菜_基础学习篇（第三版）','NM070-2',NULL,'680',NULL,'网管类',1),(681,'/img/book/NM070-3.jpg','鸟哥的Linux私房菜_基础学习篇（第三版）','NM070-3',NULL,'681',NULL,'网管类',1),(682,'/img/book/NM068-1.jpg','TCP/IP详解','NM068-1',NULL,'682',NULL,'网管类',1),(683,'/img/book/NM068-2.jpg','TCP/IP详解','NM068-2',NULL,'683',NULL,'网管类',1),(684,'/img/book/NM069.jpg','计算机组成原理','NM069',NULL,'684',NULL,'网管类',1),(685,'/img/book/NM070.jpg','操作系统-精髓与设计原理','NM070',NULL,'685',NULL,'网管类',1),(686,'/img/book/NM071.jpg','深入理解计算机系统','NM071',NULL,'686',NULL,'网管类',1),(687,'/img/book/NM072.jpg','编码','NM072',NULL,'687',NULL,'网管类',1),(688,'/img/book/NM073-1.jpg','图解TCP/IP','NM073-1',NULL,'688',NULL,'网管类',1),(689,'/img/book/NM073-2.jpg','图解TCP/IP','NM073-2',NULL,'689',NULL,'网管类',1),(690,'/img/book/NM074-1.jpg','数据库系统概念（原书第六版）','NM074-1',NULL,'690',NULL,'网管类',1),(691,'/img/book/NM074-2.jpg','数据库系统概念（原书第六版）','NM074-2',NULL,'691',NULL,'网管类',1),(692,'/img/book/NM074-3.jpg','数据库系统概念（原书第六版）','NM074-3',NULL,'692',NULL,'网管类',1),(693,'/img/book/NM075-1.jpg','图解密码技术','NM075-1',NULL,'693',NULL,'网管类',1),(694,'/img/book/NM075-2.jpg','图解密码技术','NM075-2',NULL,'694',NULL,'网管类',1),(695,'/img/book/NM076.jpg','操作系统-精髓与设计原理','NM076',NULL,'695',NULL,'网管类',1),(696,'/img/book/NM077-1.jpg','图解HTTP','NM077-1',NULL,'696',NULL,'网管类',1),(697,'/img/book/NM077-2.jpg','图解HTTP','NM077-2',NULL,'697',NULL,'网管类',1),(698,'/img/book/NM078.jpg','计算机网络','NM078',NULL,'698',NULL,'网管类',1),(699,'/img/book/NM079.jpg','第一本Docker书','NM079',NULL,'699',NULL,'网管类',1),(700,'/img/book/NM080-1.jpg','跟老男孩学Linux运维：Web集群实战','NM080-1',NULL,'700',NULL,'网管类',1),(701,'/img/book/NM080-2.jpg','跟老男孩学Linux运维：Web集群实战','NM080-2',NULL,'701',NULL,'网管类',1),(702,'/img/book/NM080-3.jpg','跟老男孩学Linux运维：Web集群实战','NM080-3',NULL,'702',NULL,'网管类',1),(703,'/img/book/NM081-1.jpg','跟老男孩学Linux运维：Shell编程实战','NM081-1',NULL,'703',NULL,'网管类',1),(704,'/img/book/NM081-2.jpg','跟老男孩学Linux运维：Shell编程实战','NM081-2',NULL,'704',NULL,'网管类',1),(705,'/img/book/NM081-3.jpg','跟老男孩学Linux运维：Shell编程实战','NM081-3',NULL,'705',NULL,'网管类',1),(706,'/img/book/NM082-1.jpg','SRE：Google运维解密','NM082-1',NULL,'706',NULL,'网管类',1),(707,'/img/book/NM082-2.jpg','SRE：Google运维解密','NM082-2',NULL,'707',NULL,'网管类',1),(708,'/img/book/NM083.jpg','跟老男孩学Linux运维：核心系统命令实战','NM083',NULL,'708',NULL,'网管类',1),(709,'/img/book/NM084.jpg','操作系统：精髓与设计原理','NM084',NULL,'709',NULL,'网管类',1),(710,'/img/book/NM085.jpg','数据库系统：设计、实现与管理','NM085',NULL,'710',NULL,'网管类',1),(745,'/img/book/HM033.jpg','DOOM启示录','HM033',NULL,'745',NULL,'人文类',1),(746,'/img/book/HM065.jpg','不懂项目管理，还敢拼职场','HM065',NULL,'746',NULL,'人文类',1),(747,'/img/book/HM066.jpg','不懂项目管理，还敢拼职场','HM066',NULL,'747',NULL,'人文类',1),(748,'/img/book/HM052.jpg','布道之道-引领团队拥抱技术创新','HM052',NULL,'748',NULL,'人文类',1),(749,'/img/book/HM035.jpg','策略博弈','HM035',NULL,'749',NULL,'人文类',1),(750,'/img/book/HM085.jpg','传家春','HM085',NULL,'750',NULL,'人文类',1),(751,'/img/book/HM090.jpg','传家春','HM090',NULL,'751',NULL,'人文类',1),(752,'/img/book/HM111.jpg','传家春','HM111',NULL,'752',NULL,'人文类',1),(753,'/img/book/HM088.jpg','传家冬','HM088',NULL,'753',NULL,'人文类',1),(754,'/img/book/HM093.jpg','传家冬','HM093',NULL,'754',NULL,'人文类',1),(755,'/img/book/HM114.jpg','传家冬','HM114',NULL,'755',NULL,'人文类',1),(756,'/img/book/HM087.jpg','传家秋','HM087',NULL,'756',NULL,'人文类',1),(757,'/img/book/HM092.jpg','传家秋','HM092',NULL,'757',NULL,'人文类',1),(758,'/img/book/HM113.jpg','传家秋','HM113',NULL,'758',NULL,'人文类',1),(759,'/img/book/HM086.jpg','传家夏','HM086',NULL,'759',NULL,'人文类',1),(760,'/img/book/HM091.jpg','传家夏','HM091',NULL,'760',NULL,'人文类',1),(761,'/img/book/HM112.jpg','传家夏','HM112',NULL,'761',NULL,'人文类',1),(762,'/img/book/HM053.jpg','打造facebook','HM053',NULL,'762',NULL,'人文类',1),(763,'/img/book/HM054.jpg','打造facebook','HM054',NULL,'763',NULL,'人文类',1),(764,'/img/book/HM055.jpg','打造facebook','HM055',NULL,'764',NULL,'人文类',1),(765,'/img/book/HM056.jpg','打造facebook','HM056',NULL,'765',NULL,'人文类',1),(766,'/img/book/HM057.jpg','打造facebook','HM057',NULL,'766',NULL,'人文类',1),(767,'/img/book/HM008.jpg','德兰修女传（华姿）','HM008',NULL,'767',NULL,'人文类',1),(768,'/img/book/HM082.jpg','德蕾莎修女-在爱中行走','HM082',NULL,'768',NULL,'人文类',1),(769,'/img/book/HM083.jpg','德蕾莎修女-一条简单的路','HM083',NULL,'769',NULL,'人文类',1),(770,'/img/book/HM084.jpg','德蕾莎修女-一条简单的路','HM084',NULL,'770',NULL,'人文类',1),(771,'/img/book/HM0010.jpg','过河卒','HM0010',NULL,'771',NULL,'人文类',1),(772,'/img/book/HM089.jpg','动荡的世界','HM089',NULL,'772',NULL,'人文类',1),(773,'/img/book/HM102.jpg','动荡的世界','HM102',NULL,'773',NULL,'人文类',1),(774,'/img/book/HM044.jpg','李嘉诚语录','HM044',NULL,'774',NULL,'人文类',1),(775,'/img/book/HM011-5.jpg','怀斯曼生存手册','HM011-5',NULL,'775',NULL,'人文类',1),(776,'/img/book/HM026.jpg','怀斯曼生存手册','HM026',NULL,'776',NULL,'人文类',1),(777,'/img/book/HM027.jpg','怀斯曼生存手册','HM027',NULL,'777',NULL,'人文类',1),(778,'/img/book/HM028.jpg','怀斯曼生存手册','HM028',NULL,'778',NULL,'人文类',1),(779,'/img/book/HM029.jpg','怀斯曼生存手册','HM029',NULL,'779',NULL,'人文类',1),(780,'/img/book/HM013.jpg','活法（二）','HM013',NULL,'780',NULL,'人文类',1),(781,'/img/book/HM017.jpg','活法（二）','HM017',NULL,'781',NULL,'人文类',1),(782,'/img/book/HM014.jpg','活法（三）','HM014',NULL,'782',NULL,'人文类',1),(783,'/img/book/HM018.jpg','活法（三）','HM018',NULL,'783',NULL,'人文类',1),(784,'/img/book/HM015.jpg','活法（四）','HM015',NULL,'784',NULL,'人文类',1),(785,'/img/book/HM019.jpg','活法（四）','HM019',NULL,'785',NULL,'人文类',1),(786,'/img/book/HM012.jpg','活法（修订版）','HM012',NULL,'786',NULL,'人文类',1),(787,'/img/book/HM016.jpg','活法（修订版）','HM016',NULL,'787',NULL,'人文类',1),(788,'/img/book/HM100.jpg','晋商的制度逻辑','HM100',NULL,'788',NULL,'人文类',1),(789,'/img/book/HM101.jpg','晋商的制度逻辑','HM101',NULL,'789',NULL,'人文类',1),(790,'/img/book/HM045.jpg','经典诗词重读','HM045',NULL,'790',NULL,'人文类',1),(791,'/img/book/HM007.jpg','郎咸平说-热点的背后','HM007',NULL,'791',NULL,'人文类',1),(792,'/img/book/HM037.jpg','浪潮之巅','HM037',NULL,'792',NULL,'人文类',1),(793,'/img/book/HM038.jpg','浪潮之巅','HM038',NULL,'793',NULL,'人文类',1),(794,'/img/book/HM039.jpg','浪潮之巅','HM039',NULL,'794',NULL,'人文类',1),(795,'/img/book/HM074.jpg','浪潮之巅（上）','HM074',NULL,'795',NULL,'人文类',1),(796,'/img/book/HM076.jpg','浪潮之巅（上）','HM076',NULL,'796',NULL,'人文类',1),(797,'/img/book/HM078.jpg','浪潮之巅（上）','HM078',NULL,'797',NULL,'人文类',1),(798,'/img/book/HM075.jpg','浪潮之巅（下）','HM075',NULL,'798',NULL,'人文类',1),(799,'/img/book/HM077.jpg','浪潮之巅（下）','HM077',NULL,'799',NULL,'人文类',1),(800,'/img/book/HM079.jpg','浪潮之巅（下）','HM079',NULL,'800',NULL,'人文类',1),(801,'/img/book/HM098.jpg','历代经济变革得失','HM098',NULL,'801',NULL,'人文类',1),(802,'/img/book/HM099.jpg','历代经济变革得失','HM099',NULL,'802',NULL,'人文类',1),(803,'/img/book/HM067.jpg','伦巴第街','HM067',NULL,'803',NULL,'人文类',1),(804,'/img/book/HM068.jpg','伦巴第街','HM068',NULL,'804',NULL,'人文类',1),(805,'/img/book/HM069.jpg','伦巴第街','HM069',NULL,'805',NULL,'人文类',1),(806,'/img/book/HM070.jpg','伦巴第街','HM070',NULL,'806',NULL,'人文类',1),(807,'/img/book/HM071.jpg','伦巴第街','HM071',NULL,'807',NULL,'人文类',1),(808,'/img/book/HM010.jpg','论语别裁 上','HM010',NULL,'808',NULL,'人文类',1),(809,'/img/book/HM011.jpg','论语别裁 下','HM011',NULL,'809',NULL,'人文类',1),(810,'/img/book/HM072.jpg','美元复兴十年or中国痛苦十年？','HM072',NULL,'810',NULL,'人文类',1),(811,'/img/book/HM073.jpg','美元复兴十年or中国痛苦十年？','HM073',NULL,'811',NULL,'人文类',1),(812,'/img/book/HM094.jpg','目送','HM094',NULL,'812',NULL,'人文类',1),(813,'/img/book/HM095.jpg','目送','HM095',NULL,'813',NULL,'人文类',1),(814,'/img/book/HM080.jpg','皮克斯：关于童心、勇气、创意和传奇','HM080',NULL,'814',NULL,'人文类',1),(815,'/img/book/HM081.jpg','皮克斯：关于童心、勇气、创意和传奇','HM081',NULL,'815',NULL,'人文类',1),(816,'/img/book/HM059.jpg','枪炮、病菌与钢铁——人类社会的命运','HM059',NULL,'816',NULL,'人文类',1),(817,'/img/book/HM060.jpg','枪炮、病菌与钢铁——人类社会的命运','HM060',NULL,'817',NULL,'人文类',1),(818,'/img/book/HM046.jpg','人件','HM046',NULL,'818',NULL,'人文类',1),(819,'/img/book/HM040.jpg','数学之美','HM040',NULL,'819',NULL,'人文类',1),(820,'/img/book/HM041.jpg','数学之美','HM041',NULL,'820',NULL,'人文类',1),(821,'/img/book/HM042.jpg','数学之美','HM042',NULL,'821',NULL,'人文类',1),(822,'/img/book/HM043.jpg','数学之美','HM043',NULL,'822',NULL,'人文类',1),(823,'/img/book/HM061.jpg','谁是谷歌想要的人才?:破解世界最顶尖公司的面试密码','HM061',NULL,'823',NULL,'人文类',1),(824,'/img/book/HM062.jpg','谁是谷歌想要的人才?:破解世界最顶尖公司的面试密码','HM062',NULL,'824',NULL,'人文类',1),(825,'/img/book/HM063.jpg','谁是谷歌想要的人才?:破解世界最顶尖公司的面试密码','HM063',NULL,'825',NULL,'人文类',1),(826,'/img/book/HM064.jpg','谁是谷歌想要的人才?:破解世界最顶尖公司的面试密码','HM064',NULL,'826',NULL,'人文类',1),(827,'/img/book/HM001.jpg','统治—技术商人与华为的核心竞争力','HM001',NULL,'827',NULL,'人文类',1),(828,'/img/book/HM004.jpg','统治—技术商人与华为的核心竞争力','HM004',NULL,'828',NULL,'人文类',1),(829,'/img/book/HM096.jpg','王二的经济学故事','HM096',NULL,'829',NULL,'人文类',1),(830,'/img/book/HM097.jpg','王二的经济学故事','HM097',NULL,'830',NULL,'人文类',1),(831,'/img/book/HM006.jpg','王凤仪言行录','HM006',NULL,'831',NULL,'人文类',1),(832,'/img/book/HM047.jpg','王凤仪言行录','HM047',NULL,'832',NULL,'人文类',1),(833,'/img/book/HM103.jpg','文明之光上','HM103',NULL,'833',NULL,'人文类',1),(834,'/img/book/HM105.jpg','文明之光上','HM105',NULL,'834',NULL,'人文类',1),(835,'/img/book/HM107.jpg','文明之光上','HM107',NULL,'835',NULL,'人文类',1),(836,'/img/book/HM109.jpg','文明之光上','HM109',NULL,'836',NULL,'人文类',1),(837,'/img/book/HM104.jpg','文明之光下','HM104',NULL,'837',NULL,'人文类',1),(838,'/img/book/HM106.jpg','文明之光下','HM106',NULL,'838',NULL,'人文类',1),(839,'/img/book/HM108.jpg','文明之光下','HM108',NULL,'839',NULL,'人文类',1),(840,'/img/book/HM110.jpg','文明之光下','HM110',NULL,'840',NULL,'人文类',1),(841,'/img/book/HM022.jpg','文艺常识','HM022',NULL,'841',NULL,'人文类',1),(842,'/img/book/HM023.jpg','文艺常识','HM023',NULL,'842',NULL,'人文类',1),(843,'/img/book/HM049.jpg','乡关何处','HM049',NULL,'843',NULL,'人文类',1),(844,'/img/book/HM050.jpg','乡关何处','HM050',NULL,'844',NULL,'人文类',1),(845,'/img/book/HM051.jpg','乡关何处','HM051',NULL,'845',NULL,'人文类',1),(846,'/img/book/HM030.jpg','小的是美好的','HM030',NULL,'846',NULL,'人文类',1),(847,'/img/book/HM031.jpg','小的是美好的','HM031',NULL,'847',NULL,'人文类',1),(848,'/img/book/HM032.jpg','小的是美好的','HM032',NULL,'848',NULL,'人文类',1),(849,'/img/book/HM115.jpg','写给大家看的设计书','HM115',NULL,'849',NULL,'人文类',1),(850,'/img/book/HM116.jpg','写给大家看的设计书','HM116',NULL,'850',NULL,'人文类',1),(851,'/img/book/HM009.jpg','亦新亦旧的一代（南怀瑾）','HM009',NULL,'851',NULL,'人文类',1),(852,'/img/book/HM034.jpg','赢在中国-给创业者的忠告','HM034',NULL,'852',NULL,'人文类',1),(853,'/img/book/HM020.jpg','娱乐至死','HM020',NULL,'853',NULL,'人文类',1),(854,'/img/book/HM021.jpg','娱乐至死','HM021',NULL,'854',NULL,'人文类',1),(855,'/img/book/HM038.jpg','与熊共舞','HM038-1',NULL,'855',NULL,'人文类',1),(856,'/img/book/HM005.jpg','中国人是真的（张尚德）','HM005',NULL,'856',NULL,'人文类',1),(857,'/img/book/HM024.jpg','中国智慧','HM024',NULL,'857',NULL,'人文类',1),(858,'/img/book/HM058.jpg','中国智慧','HM058',NULL,'858',NULL,'人文类',1),(859,'/img/book/HM002.jpg','走出软件作坊','HM002',NULL,'859',NULL,'人文类',1),(860,'/img/book/HM003.jpg','走出软件作坊','HM003',NULL,'860',NULL,'人文类',1),(861,'/img/book/HM003.jpg','走出软件作坊','HM003-1',NULL,'861',NULL,'人文类',1),(862,'/img/book/HM048.jpg','走出软件作坊','HM048',NULL,'862',NULL,'人文类',1),(863,'/img/book/HM036.jpg','最后期限','HM036',NULL,'863',NULL,'人文类',1),(864,'/img/book/HM043.jpg','藏地胜境','HM043-1',NULL,'864',NULL,'人文类',1),(865,'/img/book/HM044.jpg','正见：佛陀的证悟','HM044-1',NULL,'865',NULL,'人文类',1),(866,'/img/book/HM044.jpg','正见：佛陀的证悟','HM044-2',NULL,'866',NULL,'人文类',1),(867,'/img/book/HM045A.jpg','大学之路上','HM045A',NULL,'867',NULL,'人文类',1),(868,'/img/book/HM045B.jpg','大学之路下','HM045B',NULL,'868',NULL,'人文类',1),(869,'/img/book/HM045A-2.jpg','大学之路上','HM045A-2',NULL,'869',NULL,'人文类',1),(870,'/img/book/HM045A-3.jpg','大学之路下','HM045A-3',NULL,'870',NULL,'人文类',1),(871,'/img/book/HM045B-2.jpg','大学之路上','HM045B-2',NULL,'871',NULL,'人文类',1),(872,'/img/book/HM045B-3.jpg','大学之路下','HM045B-3',NULL,'872',NULL,'人文类',1),(873,'/img/book/HM046A.jpg','文明之光1','HM046A',NULL,'873',NULL,'人文类',1),(874,'/img/book/HM046B.jpg','文明之光2','HM046B',NULL,'874',NULL,'人文类',1),(875,'/img/book/HM046C.jpg','文明之光3','HM046C',NULL,'875',NULL,'人文类',1),(876,'/img/book/HM047-1.jpg','巨流河','HM047-1',NULL,'876',NULL,'人文类',1),(877,'/img/book/HM047-2.jpg','巨流河','HM047-2',NULL,'877',NULL,'人文类',1),(878,'/img/book/HM048-1.jpg','硅谷之谜','HM048-1',NULL,'878',NULL,'人文类',1),(879,'/img/book/HM048.jpg','明朝那些事','HM048-2',NULL,'879',NULL,'人文类',1),(880,'/img/book/HM048-2.jpg','硅谷之谜','HM048-2-1',NULL,'880',NULL,'人文类',1),(881,'/img/book/HM049.jpg','必然','HM049-1',NULL,'881',NULL,'人文类',1),(882,'/img/book/HM050-1.jpg','人类简史','HM050-1',NULL,'882',NULL,'人文类',1),(883,'/img/book/HM050-2.jpg','人类简史','HM050-2',NULL,'883',NULL,'人文类',1),(884,'/img/book/HM050-3.jpg','人类简史','HM050-3',NULL,'884',NULL,'人文类',1),(885,'/img/book/HM051-1.jpg','硅谷百年史','HM051-1',NULL,'885',NULL,'人文类',1),(886,'/img/book/HM051-2.jpg','硅谷百年史','HM051-2',NULL,'886',NULL,'人文类',1),(887,'/img/book/HM052-1.jpg','硅谷钢铁侠 埃隆·马斯克的冒险人生','HM052-1',NULL,'887',NULL,'人文类',1),(888,'/img/book/HM052-2.jpg','硅谷钢铁侠 埃隆·马斯克的冒险人生','HM052-2',NULL,'888',NULL,'人文类',1),(889,'/img/book/HM053.jpg','断舍离','HM053-1',NULL,'889',NULL,'人文类',1),(890,'/img/book/HM053.jpg','断舍离','HM053-2',NULL,'890',NULL,'人文类',1),(891,'/img/book/HM054-1A.jpg','文学回忆录（粉色）','HM054-1A',NULL,'891',NULL,'人文类',1),(892,'/img/book/HM054-1B.jpg','文学回忆录（黄色）','HM054-1B',NULL,'892',NULL,'人文类',1),(893,'/img/book/HM054-2A.jpg','文学回忆录（粉色）','HM054-2A',NULL,'893',NULL,'人文类',1),(894,'/img/book/HM054-2B.jpg','文学回忆录（黄色）','HM054-2B',NULL,'894',NULL,'人文类',1),(895,'/img/book/HM054-3A.jpg','文学回忆录（粉色）','HM054-3A',NULL,'895',NULL,'人文类',1),(896,'/img/book/HM054-3B.jpg','文学回忆录（黄色）','HM054-3B',NULL,'896',NULL,'人文类',1),(897,'/img/book/HM055-1.jpg','一生的学习','HM055-1',NULL,'897',NULL,'人文类',1),(898,'/img/book/HM055-2.jpg','一生的学习','HM055-2',NULL,'898',NULL,'人文类',1),(899,'/img/book/HM056.jpg','技巧','HM056-1',NULL,'899',NULL,'人文类',1),(900,'/img/book/HM057.jpg','戎马关山话当年','HM057-1',NULL,'900',NULL,'人文类',1),(901,'/img/book/HM058-1.jpg','我决定简单地生活','HM058-1',NULL,'901',NULL,'人文类',1),(902,'/img/book/HM058-2.jpg','我决定简单地生活','HM058-2',NULL,'902',NULL,'人文类',1),(903,'/img/book/HM058-3.jpg','我决定简单地生活','HM058-3',NULL,'903',NULL,'人文类',1),(904,'/img/book/HM059.jpg','阿城文集：脱腔','HM059-1',NULL,'904',NULL,'人文类',1),(905,'/img/book/HM060.jpg','阿城文集：遍地风流','HM060-1',NULL,'905',NULL,'人文类',1),(906,'/img/book/HM061.jpg','阿城文集：闲话闲说','HM061-1',NULL,'906',NULL,'人文类',1),(907,'/img/book/HM062.jpg','阿城文集：威尼斯日记','HM062-1',NULL,'907',NULL,'人文类',1),(908,'/img/book/HM063.jpg','阿城文集：常识与通识','HM063-1',NULL,'908',NULL,'人文类',1),(909,'/img/book/HM064.jpg','阿城文集：文化不是味精','HM064-1',NULL,'909',NULL,'人文类',1),(910,'/img/book/HM065.jpg','阿城文集：棋王树王','HM065-1',NULL,'910',NULL,'人文类',1),(911,'/img/book/HM066.jpg','千年一叹','HM066-1',NULL,'911',NULL,'人文类',1),(912,'/img/book/HM067.jpg','乌合之众','HM067-1',NULL,'912',NULL,'人文类',1),(913,'/img/book/HM068-01.jpg','乌合之众','HM068-01',NULL,'913',NULL,'人文类',1),(914,'/img/book/HM068-02.jpg','乌合之众','HM068-02',NULL,'914',NULL,'人文类',1),(915,'/img/book/HM068-03.jpg','乌合之众','HM068-03',NULL,'915',NULL,'人文类',1),(916,'/img/book/HM068-04.jpg','乌合之众','HM068-04',NULL,'916',NULL,'人文类',1),(917,'/img/book/HM069-01.jpg','冰鉴','HM069-01',NULL,'917',NULL,'人文类',1),(918,'/img/book/HM069-02.jpg','冰鉴','HM069-02',NULL,'918',NULL,'人文类',1),(919,'/img/book/HM069-03.jpg','冰鉴','HM069-03',NULL,'919',NULL,'人文类',1),(920,'/img/book/HM069-04.jpg','冰鉴','HM069-04',NULL,'920',NULL,'人文类',1),(921,'/img/book/HM076.jpg','史记','HM076-1',NULL,'921',NULL,'人文类',1),(922,'/img/book/HM077.jpg','活着','HM077-1',NULL,'922',NULL,'人文类',1),(923,'/img/book/HM078.jpg','看见','HM078-1',NULL,'923',NULL,'人文类',1),(924,'/img/book/HM079.jpg','参与感','HM079-1',NULL,'924',NULL,'人文类',1),(925,'/img/book/HM080.jpg','莎士比亚的三个悲剧','HM080-1',NULL,'925',NULL,'人文类',1),(926,'/img/book/HM081-1.jpg','细读弟子规','HM081-1',NULL,'926',NULL,'人文类',1),(927,'/img/book/HM081-2.jpg','细读弟子规','HM081-2',NULL,'927',NULL,'人文类',1),(928,'/img/book/HM082.jpg','人性的优点','HM082-1',NULL,'928',NULL,'人文类',1),(929,'/img/book/HM083.jpg','阅读心声','HM083-1',NULL,'929',NULL,'人文类',1),(930,'/img/book/HM084.jpg','金刚经说什么','HM084-1',NULL,'930',NULL,'人文类',1),(931,'/img/book/HM085.jpg','少年维特之烦恼','HM085-1',NULL,'931',NULL,'人文类',1),(932,'/img/book/HM086.jpg','微信这么玩才赚钱','HM086-1',NULL,'932',NULL,'人文类',1),(933,'/img/book/HM087.jpg','人生元编程','HM087-1',NULL,'933',NULL,'人文类',1),(934,'/img/book/HM088.jpg','CORE','HM088-1',NULL,'934',NULL,'人文类',1),(935,'/img/book/HM089.jpg','说文解字','HM089-1',NULL,'935',NULL,'人文类',1),(936,'/img/book/HM090.jpg','珍惜生命','HM090-1',NULL,'936',NULL,'人文类',1),(937,'/img/book/HM091.jpg','野火集','HM091-1',NULL,'937',NULL,'人文类',1),(938,'/img/book/HM092.jpg','暗时间','HM092-1',NULL,'938',NULL,'人文类',1),(939,'/img/book/HM093.jpg','百年孤独','HM093-1',NULL,'939',NULL,'人文类',1),(940,'/img/book/HM093-1.jpg','飞鸟物语','HM093-1-1',NULL,'940',NULL,'人文类',1),(941,'/img/book/HM093-2.jpg','飞鸟物语','HM093-2',NULL,'941',NULL,'人文类',1),(942,'/img/book/HM093-3.jpg','飞鸟物语','HM093-3',NULL,'942',NULL,'人文类',1),(943,'/img/book/HM093-4.jpg','飞鸟物语','HM093-4',NULL,'943',NULL,'人文类',1),(944,'/img/book/HM093-5.jpg','飞鸟物语','HM093-5',NULL,'944',NULL,'人文类',1),(945,'/img/book/HM094-1.jpg','标准日本语','HM094-1',NULL,'945',NULL,'人文类',1),(946,'/img/book/HM094-2.jpg','标准日本语','HM094-2',NULL,'946',NULL,'人文类',1),(947,'/img/book/HM094-3.jpg','标准日本语-初级同步练习','HM094-3',NULL,'947',NULL,'人文类',1),(948,'/img/book/HM094-4.jpg','标准日本语-同步辅导','HM094-4',NULL,'948',NULL,'人文类',1),(949,'/img/book/HM095.jpg','嫌疑人x的献身','HM095-1',NULL,'949',NULL,'人文类',1),(950,'/img/book/HM096.jpg','恶意','HM096-1',NULL,'950',NULL,'人文类',1),(951,'/img/book/HM097.jpg','燕园草木','HM097-1',NULL,'951',NULL,'人文类',1),(952,'/img/book/HM098.jpg','燕园动物','HM098-1',NULL,'952',NULL,'人文类',1),(953,'/img/book/HM099.jpg','影响力','HM099-1',NULL,'953',NULL,'人文类',1),(954,'/img/book/HM100-1.jpg','我负丹青','HM100-1',NULL,'954',NULL,'人文类',1),(955,'/img/book/HM100-2.jpg','我负丹青','HM100-2',NULL,'955',NULL,'人文类',1),(956,'/img/book/HM100-1.jpg','淘宝产品十年事','HM100-1-1',NULL,'956',NULL,'人文类',1),(957,'/img/book/HM100-2.jpg','淘宝产品十年事','HM100-2-1',NULL,'957',NULL,'人文类',1),(958,'/img/book/HM101-1.jpg','声律启蒙','HM101-1',NULL,'958',NULL,'人文类',1),(959,'/img/book/HM101-2.jpg','声律启蒙','HM101-2',NULL,'959',NULL,'人文类',1),(960,'/img/book/HM102-1.jpg','无印良品生活研究所','HM102-1',NULL,'960',NULL,'人文类',1),(961,'/img/book/HM102-2.jpg','无印良品生活研究所','HM102-2',NULL,'961',NULL,'人文类',1),(962,'/img/book/HM103-1.jpg','燕园动物','HM103-1',NULL,'962',NULL,'人文类',1),(963,'/img/book/HM103-2.jpg','燕园动物','HM103-2',NULL,'963',NULL,'人文类',1),(964,'/img/book/HM104.jpg','燕园草木','HM104-1',NULL,'964',NULL,'人文类',1),(965,'/img/book/HM105.jpg','三国志异','HM105-1',NULL,'965',NULL,'人文类',1),(966,'/img/book/HM106.jpg','心路','HM106-1',NULL,'966',NULL,'人文类',1),(967,'/img/book/HM107.jpg','今日简史','HM107-1',NULL,'967',NULL,'人文类',1),(968,'/img/book/HM108-1.jpg','从野性到感性：山鹰观鸟记','HM108-1',NULL,'968',NULL,'人文类',1),(969,'/img/book/HM108-2.jpg','从野性到感性：山鹰观鸟记','HM108-2',NULL,'969',NULL,'人文类',1),(970,'/img/book/HM108-3.jpg','从野性到感性：山鹰观鸟记','HM108-3',NULL,'970',NULL,'人文类',1),(971,'/img/book/SW016.jpg','3DS Max R4全纪录','SW016',NULL,'971',NULL,'软件教程类',1),(972,'/img/book/SW017.jpg','3DS Max基础与实例教程','SW017',NULL,'972',NULL,'软件教程类',1),(973,'/img/book/SW018.jpg','3DS Max建模设计经典','SW018',NULL,'973',NULL,'软件教程类',1),(974,'/img/book/SW022.jpg','3DS Max三维动画基础与实例教程','SW022',NULL,'974',NULL,'软件教程类',1),(975,'/img/book/SW019.jpg','Adobe Audition','SW019',NULL,'975',NULL,'软件教程类',1),(976,'/img/book/SW020.jpg','Adobe Premiere Pro','SW020',NULL,'976',NULL,'软件教程类',1),(977,'/img/book/SW002.jpg','AutoCAD基础与实例教程','SW002',NULL,'977',NULL,'软件教程类',1),(978,'/img/book/SW041.jpg','Excel2010SQL完全应用','SW041',NULL,'978',NULL,'软件教程类',1),(979,'/img/book/SW042.jpg','Excel2010SQL完全应用','SW042',NULL,'979',NULL,'软件教程类',1),(980,'/img/book/SW039.jpg','Excel2010操作与技巧','SW039',NULL,'980',NULL,'软件教程类',1),(981,'/img/book/SW040.jpg','Excel2010操作与技巧','SW040',NULL,'981',NULL,'软件教程类',1),(982,'/img/book/SW037.jpg','Excel2010函数与公式','SW037',NULL,'982',NULL,'软件教程类',1),(983,'/img/book/SW038.jpg','Excel2010函数与公式','SW038',NULL,'983',NULL,'软件教程类',1),(984,'/img/book/SW035.jpg','Excel2010数据透视表大全','SW035',NULL,'984',NULL,'软件教程类',1),(985,'/img/book/SW036.jpg','Excel2010数据透视表大全','SW036',NULL,'985',NULL,'软件教程类',1),(986,'/img/book/SW025.jpg','Excel2010应用大全','SW025',NULL,'986',NULL,'软件教程类',1),(987,'/img/book/SW026.jpg','Excel2010应用大全','SW026',NULL,'987',NULL,'软件教程类',1),(988,'/img/book/SW009.jpg','Excel图表之道','SW009',NULL,'988',NULL,'软件教程类',1),(989,'/img/book/SW010.jpg','Excel图表之道','SW010',NULL,'989',NULL,'软件教程类',1),(990,'/img/book/SW008.jpg','Excel与数据处理','SW008',NULL,'990',NULL,'软件教程类',1),(991,'/img/book/SW050.jpg','HTML5触摸界面设计与开发','SW050',NULL,'991',NULL,'软件教程类',1),(992,'/img/book/SW051.jpg','HTML5触摸界面设计与开发','SW051',NULL,'992',NULL,'软件教程类',1),(993,'/img/book/SW052.jpg','HTML5触摸界面设计与开发','SW052',NULL,'993',NULL,'软件教程类',1),(994,'/img/book/SW013.jpg','Maya 4影视设计','SW013',NULL,'994',NULL,'软件教程类',1),(995,'/img/book/SW027.jpg','Office实战技巧精粹辞典','SW027',NULL,'995',NULL,'软件教程类',1),(996,'/img/book/SW028.jpg','Office实战技巧精粹辞典','SW028',NULL,'996',NULL,'软件教程类',1),(997,'/img/book/SW045.jpg','Photoshop CC完全自学教程','SW045',NULL,'997',NULL,'软件教程类',1),(998,'/img/book/SW046.jpg','Photoshop CC完全自学教程','SW046',NULL,'998',NULL,'软件教程类',1),(999,'/img/book/SW047.jpg','Photoshop CC完全自学教程','SW047',NULL,'999',NULL,'软件教程类',1),(1000,'/img/book/SW032.jpg','Photoshop CS6完全自学教程','SW032',NULL,'1000',NULL,'软件教程类',1),(1001,'/img/book/SW033.jpg','Photoshop CS6完全自学教程','SW033',NULL,'1001',NULL,'软件教程类',1),(1002,'/img/book/SW034.jpg','Photoshop CS6完全自学教程','SW034',NULL,'1002',NULL,'软件教程类',1),(1003,'/img/book/SW048.jpg','Photoshop修色圣典','SW048',NULL,'1003',NULL,'软件教程类',1),(1004,'/img/book/SW049.jpg','Photoshop修色圣典','SW049',NULL,'1004',NULL,'软件教程类',1),(1005,'/img/book/SW029.jpg','Photoshop专业抠图技法','SW029',NULL,'1005',NULL,'软件教程类',1),(1006,'/img/book/SW030.jpg','Photoshop专业抠图技法','SW030',NULL,'1006',NULL,'软件教程类',1),(1007,'/img/book/SW031.jpg','Photoshop专业抠图技法','SW031',NULL,'1007',NULL,'软件教程类',1),(1008,'/img/book/SW012.jpg','Premiere Pro 视频编辑白金教学','SW012',NULL,'1008',NULL,'软件教程类',1),(1009,'/img/book/SW015.jpg','Premiere 影视编辑-完全自学教程','SW015',NULL,'1009',NULL,'软件教程类',1),(1010,'/img/book/SW043.jpg','SQLite权威指南（第二版）','SW043',NULL,'1010',NULL,'软件教程类',1),(1011,'/img/book/SW044.jpg','SQLite权威指南（第二版）','SW044',NULL,'1011',NULL,'软件教程类',1),(1012,'/img/book/SW001.jpg','Visio2002实例教程','SW001',NULL,'1012',NULL,'软件教程类',1),(1013,'/img/book/SW023.jpg','Word·Excel·PPT2010商务办公从新手到高手','SW023',NULL,'1013',NULL,'软件教程类',1),(1014,'/img/book/SW024.jpg','Word·Excel·PPT2010商务办公从新手到高手','SW024',NULL,'1014',NULL,'软件教程类',1),(1015,'/img/book/SW053.jpg','单页Web应用：JavaScript从前端到后端','SW053',NULL,'1015',NULL,'软件教程类',1),(1016,'/img/book/SW054.jpg','单页Web应用：JavaScript从前端到后端','SW054',NULL,'1016',NULL,'软件教程类',1),(1017,'/img/book/SW005.jpg','化工制图AutoCAD-实战教程与开发','SW005',NULL,'1017',NULL,'软件教程类',1),(1018,'/img/book/SW003.jpg','化学化工常用软件实例教程','SW003',NULL,'1018',NULL,'软件教程类',1),(1019,'/img/book/SW004.jpg','化学化工常用软件实例教程','SW004',NULL,'1019',NULL,'软件教程类',1),(1020,'/img/book/SW014.jpg','流媒体技术大全','SW014',NULL,'1020',NULL,'软件教程类',1),(1021,'/img/book/SW006.jpg','项目百态（深入理解软件项目行为模式）','SW006',NULL,'1021',NULL,'软件教程类',1),(1022,'/img/book/SW007.jpg','项目百态（深入理解软件项目行为模式）','SW007',NULL,'1022',NULL,'软件教程类',1),(1023,'/img/book/SW011.jpg','影视制作快手Promiere6.0 完全自学手册','SW011',NULL,'1023',NULL,'软件教程类',1),(1024,'/img/book/SW021.jpg','硬件维修圣典-罗工谈维修','SW021',NULL,'1024',NULL,'软件教程类',1),(1025,'/img/book/SW033.jpg','ADOBE INDESIGN CS6 标准培训教材','SW033-1',NULL,'1025',NULL,'软件教程类',1),(1026,'/img/book/SW034-1.jpg','Adobe Flash CS4 actionscript 3.0 中文版经典教程','SW034-1',NULL,'1026',NULL,'软件教程类',1),(1027,'/img/book/SW034-2.jpg','Adobe Flash CS4 actionscript 3.1 中文版经典教程','SW034-2',NULL,'1027',NULL,'软件教程类',1),(1028,'/img/book/SW035-1.jpg','单页Web应用：JavaScript从前端到后端','SW035-1',NULL,'1028',NULL,'软件教程类',1),(1029,'/img/book/SW036.jpg','卓越成效的管理者','SW036-1',NULL,'1029',NULL,'软件教程类',1),(1030,'/img/book/SW037-1.jpg','和秋叶一起学PPT 又快又好打造说服力幻灯片','SW037-1',NULL,'1030',NULL,'软件教程类',1),(1031,'/img/book/SW037-2.jpg','和秋叶一起学PPT 又快又好打造说服力幻灯片','SW037-2',NULL,'1031',NULL,'软件教程类',1),(1032,'/img/book/SW038-1.jpg','ZBrush数字雕刻：人体结构解析','SW038-1',NULL,'1032',NULL,'软件教程类',1),(1033,'/img/book/SW038-2.jpg','ZBrush数字雕刻：人体结构解析','SW038-2',NULL,'1033',NULL,'软件教程类',1),(1034,'/img/book/SW039-1.jpg','Premiere Pro 完全自学教程','SW039-1',NULL,'1034',NULL,'软件教程类',1),(1035,'/img/book/SW039-2.jpg','Premiere Pro 完全自学教程','SW039-2',NULL,'1035',NULL,'软件教程类',1),(1036,'/img/book/SW040.jpg','从零开始学SQL Server','SW040-1',NULL,'1036',NULL,'软件教程类',1),(1037,'/img/book/SW041.jpg','用地图说话','SW041-1',NULL,'1037',NULL,'软件教程类',1),(1038,'/img/book/SW042-1.jpg','毫无ps痕迹','SW042-1',NULL,'1038',NULL,'软件教程类',1),(1039,'/img/book/SW042-2.jpg','毫无ps痕迹','SW042-2',NULL,'1039',NULL,'软件教程类',1);
/*!40000 ALTER TABLE `hopebook` ENABLE KEYS */;
UNLOCK TABLES;

--
-- Table structure for table `hopeequip`
--

DROP TABLE IF EXISTS `hopeequip`;
/*!40101 SET @saved_cs_client     = @@character_set_client */;
/*!40101 SET character_set_client = utf8 */;
CREATE TABLE `hopeequip` (
  `equipID` int(11) NOT NULL AUTO_INCREMENT,
  `equipHopeID` varchar(100) NOT NULL,
  `equipName` varchar(100) NOT NULL,
  `equipImgSrc` varchar(100) DEFAULT '/img/equip/equip-default.jpg',
  `equipAdminID` int(11) DEFAULT NULL,
  `equipLeft` tinyint(1) DEFAULT '1',
  PRIMARY KEY (`equipID`),
  UNIQUE KEY `equipHopeID` (`equipHopeID`)
) ENGINE=InnoDB AUTO_INCREMENT=13 DEFAULT CHARSET=utf8;
/*!40101 SET character_set_client = @saved_cs_client */;

--
-- Dumping data for table `hopeequip`
--

LOCK TABLES `hopeequip` WRITE;
/*!40000 ALTER TABLE `hopeequip` DISABLE KEYS */;
INSERT INTO `hopeequip` VALUES (1,'pooo1','D810','/img/equip/equip11478361796151.jpg',5,1),(2,'2','松下AG-DVC180B','/img/equip/equip-default.jpg',4,1),(3,'3','松下AG-DVC180B2','/img/equip/equip-default.jpg',4,1),(4,'4','松下AG-DVC180B3','/img/equip/equip-default.jpg',4,1),(5,'5','D610甲','/img/equip/equip-default.jpg',4,1),(6,'6','D610乙','/img/equip/equip-default.jpg',4,1),(7,'7','D810','/img/equip/equip-default.jpg',4,1),(8,'8','松下AG-DVC180B','/img/equip/equip-default.jpg',5,1),(9,'9','松下AG-DVC180B2','/img/equip/equip-default.jpg',4,1),(10,'10','松下AG-DVC180B3','/img/equip/equip-default.jpg',4,1),(11,'11','D610甲','/img/equip/equip-default.jpg',4,1),(12,'12','D610乙','/img/equip/equip-default.jpg',4,1);
/*!40000 ALTER TABLE `hopeequip` ENABLE KEYS */;
UNLOCK TABLES;

--
-- Table structure for table `hopereader`
--

DROP TABLE IF EXISTS `hopereader`;
/*!40101 SET @saved_cs_client     = @@character_set_client */;
/*!40101 SET character_set_client = utf8 */;
CREATE TABLE `hopereader` (
  `readerID` int(11) NOT NULL AUTO_INCREMENT,
  `readerName` varchar(20) NOT NULL,
  `readerPassword` varchar(32) NOT NULL,
  `readerSex` enum('男','女') DEFAULT '男',
  `readerGroup` enum('网管组','编程组','设计组','前端组','数码组') DEFAULT '网管组',
  `studentNumber` varchar(8) DEFAULT NULL,
  `readerMajor` varchar(20) DEFAULT NULL,
  `readerPhone` varchar(11) DEFAULT NULL,
  `readerEmail` varchar(100) DEFAULT NULL,
  `readerBadNum` int(8) DEFAULT '0',
  `userImgSrc` varchar(100) DEFAULT '/img/user/user-default.jpg',
  PRIMARY KEY (`readerID`),
  UNIQUE KEY `readerName` (`readerName`)
) ENGINE=InnoDB AUTO_INCREMENT=85 DEFAULT CHARSET=utf8;
/*!40101 SET character_set_client = @saved_cs_client */;

--
-- Dumping data for table `hopereader`
--

LOCK TABLES `hopereader` WRITE;
/*!40000 ALTER TABLE `hopereader` DISABLE KEYS */;
INSERT INTO `hopereader` VALUES (3,'周杰伦','8c0c831640c1da9f210e8951758aed5a','男','设计组','1432722','材料化学','13426073191','594619537@126.com',0,'/img/user/user-default.jpg'),(4,'风清扬','8c0c831640c1da9f210e8951758aed5a','女','数码组','1132782','应用化学','13526073191','594619537@127.com',0,'/img/user/user-default.jpg'),(5,'令狐冲','8c0c831640c1da9f210e8951758aed5a','男','数码组','12322287','化学生物学','13626073191','xiezhq5@uicharity.com',0,'/img/user/user-default.jpg'),(7,'东方不败','8c0c831640c1da9f210e8951758aed5a','女','网管组','14322267','高分子','13826073191','594613537@qq.com',0,'/img/user/user71478349163232.png'),(9,'郭靖','8c0c831640c1da9f210e8951758aed5a','女','网管组','14322454','材料化学','14026073191','594619537@165.com',0,'/img/user/user-default.jpg'),(48,'hope','8c0c831640c1da9f210e8951758aed5a','男','网管组',NULL,NULL,NULL,'3929030@qq.com',0,'/img/user/user-default.jpg'),(49,'雷雨','8c0c831640c1da9f210e8951758aed5a','男','网管组',NULL,NULL,NULL,'834511679@qq.com',0,'/img/user/user-default.jpg'),(50,'郑惠莉','8c0c831640c1da9f210e8951758aed5a','男','网管组',NULL,NULL,NULL,'1272053713@qq.com',0,'/img/user/user-default.jpg'),(51,'文海平','8c0c831640c1da9f210e8951758aed5a','男','网管组',NULL,NULL,NULL,'1719363495@qq.com',0,'/img/user/user-default.jpg'),(52,'郑培钦','8c0c831640c1da9f210e8951758aed5a','男','网管组',NULL,NULL,NULL,'1455760759@qq.com',0,'/img/user/user-default.jpg'),(53,'范敬一','8c0c831640c1da9f210e8951758aed5a','男','网管组',NULL,NULL,NULL,'651838750@qq.com',0,'/img/user/user-default.jpg'),(54,'胡慧盈','8c0c831640c1da9f210e8951758aed5a','男','网管组',NULL,NULL,NULL,'1394894587@qq.com',0,'/img/user/user-default.jpg'),(55,'王一帆','8c0c831640c1da9f210e8951758aed5a','男','网管组',NULL,NULL,NULL,'2912797624@qq.com',0,'/img/user/user-default.jpg'),(56,'许锐','8c0c831640c1da9f210e8951758aed5a','男','网管组',NULL,NULL,NULL,'365884344@qq.com',0,'/img/user/user-default.jpg'),(57,'姜永浩','8c0c831640c1da9f210e8951758aed5a','男','网管组',NULL,NULL,NULL,'8751349409@qq.com',0,'/img/user/user-default.jpg'),(58,'胡泳琳','8c0c831640c1da9f210e8951758aed5a','女','设计组','','','','1050292561@qq.com',0,'/img/user/user-default.jpg'),(59,'徐东航','8c0c831640c1da9f210e8951758aed5a','男','网管组',NULL,NULL,NULL,'794243810@qq.com',0,'/img/user/user-default.jpg'),(60,'黄楼广庶','8c0c831640c1da9f210e8951758aed5a','男','网管组',NULL,NULL,NULL,'623250349@qq.com',0,'/img/user/user-default.jpg'),(61,'黄金梅','8c0c831640c1da9f210e8951758aed5a','男','网管组',NULL,NULL,NULL,'1873555210@qq.com',0,'/img/user/user-default.jpg'),(62,'招润捷','8c0c831640c1da9f210e8951758aed5a','男','网管组',NULL,NULL,NULL,'408972828@qq.com',0,'/img/user/user-default.jpg'),(63,'钟雯璇','8c0c831640c1da9f210e8951758aed5a','男','网管组',NULL,NULL,NULL,'742037750@qq.com',0,'/img/user/user-default.jpg'),(64,'曹颖雯','8c0c831640c1da9f210e8951758aed5a','男','网管组',NULL,NULL,NULL,'1473728862@qq.com',0,'/img/user/user-default.jpg'),(65,'崔霄','8c0c831640c1da9f210e8951758aed5a','男','网管组',NULL,NULL,NULL,'734270110@qq.com',0,'/img/user/user-default.jpg'),(66,'冯常殷','8c0c831640c1da9f210e8951758aed5a','男','网管组',NULL,NULL,NULL,'137894413@qq.com',0,'/img/user/user-default.jpg'),(67,'戴雨晴','8c0c831640c1da9f210e8951758aed5a','男','网管组',NULL,NULL,NULL,'1479227484@qq.com',0,'/img/user/user-default.jpg'),(68,'刘博洋','8c0c831640c1da9f210e8951758aed5a','男','网管组',NULL,NULL,NULL,'578837276@qq.com',0,'/img/user/user-default.jpg'),(69,'郑少平','8c0c831640c1da9f210e8951758aed5a','男','网管组',NULL,NULL,NULL,'787183306@qq.com',0,'/img/user/user-default.jpg'),(70,'方政','8c0c831640c1da9f210e8951758aed5a','男','网管组',NULL,NULL,NULL,'317069780@qq.com',0,'/img/user/user-default.jpg'),(71,'郭叙森','8c0c831640c1da9f210e8951758aed5a','男','网管组',NULL,NULL,NULL,'1756710867@qq.com',0,'/img/user/user-default.jpg'),(72,'胡冀博','8c0c831640c1da9f210e8951758aed5a','男','网管组',NULL,NULL,NULL,'384127028@qq.com',0,'/img/user/user-default.jpg'),(73,'肖鹏飞','8c0c831640c1da9f210e8951758aed5a','男','网管组',NULL,NULL,NULL,'481704983@qq.com',0,'/img/user/user-default.jpg'),(74,'王金伟','8c0c831640c1da9f210e8951758aed5a','男','网管组',NULL,NULL,NULL,'1450668340@qq.com',0,'/img/user/user-default.jpg'),(75,'黄肇章','8c0c831640c1da9f210e8951758aed5a','男','网管组',NULL,NULL,NULL,'625747298@qq.com',0,'/img/user/user-default.jpg'),(76,'洪俊宇','8c0c831640c1da9f210e8951758aed5a','男','网管组',NULL,NULL,NULL,'1026399072@qq.com',0,'/img/user/user-default.jpg'),(77,'付子恩','8c0c831640c1da9f210e8951758aed5a','男','网管组',NULL,NULL,NULL,'420925324@qq.com',0,'/img/user/user-default.jpg'),(78,'陈健文','8c0c831640c1da9f210e8951758aed5a','男','网管组',NULL,NULL,NULL,'786042065@qq.com',0,'/img/user/user-default.jpg'),(79,'刘海荞','8c0c831640c1da9f210e8951758aed5a','男','网管组',NULL,NULL,NULL,'476064691@qq.com',0,'/img/user/user-default.jpg'),(80,'阳富城','8c0c831640c1da9f210e8951758aed5a','男','网管组',NULL,NULL,NULL,'875385950@qq.com',0,'/img/user/user-default.jpg'),(81,'杨俊锐','8c0c831640c1da9f210e8951758aed5a','男','网管组',NULL,NULL,NULL,'1020238355@qq.com',0,'/img/user/user-default.jpg'),(82,'李胜波','8c0c831640c1da9f210e8951758aed5a','男','网管组',NULL,NULL,NULL,'448187466@qq.com',0,'/img/user/user-default.jpg'),(83,'dd','96e79218965eb72c92a549dd5a330112','男','编程组',NULL,NULL,NULL,'aaaa',0,'/img/user/user-default.jpg'),(84,'CC','96e79218965eb72c92a549dd5a330112','男','数码组',NULL,NULL,NULL,'CC',0,'/img/user/user-default.jpg');
/*!40000 ALTER TABLE `hopereader` ENABLE KEYS */;
UNLOCK TABLES;
/*!40103 SET TIME_ZONE=@OLD_TIME_ZONE */;

/*!40101 SET SQL_MODE=@OLD_SQL_MODE */;
/*!40014 SET FOREIGN_KEY_CHECKS=@OLD_FOREIGN_KEY_CHECKS */;
/*!40014 SET UNIQUE_CHECKS=@OLD_UNIQUE_CHECKS */;
/*!40101 SET CHARACTER_SET_CLIENT=@OLD_CHARACTER_SET_CLIENT */;
/*!40101 SET CHARACTER_SET_RESULTS=@OLD_CHARACTER_SET_RESULTS */;
/*!40101 SET COLLATION_CONNECTION=@OLD_COLLATION_CONNECTION */;
/*!40111 SET SQL_NOTES=@OLD_SQL_NOTES */;

-- Dump completed on 2019-01-22 12:12:52
